"subject_id","standard_id","institute_id","subject_name","is_active","created_by","created_date","updated_by","update_date"
"1","1","1","Mathematics","Y","system","2015-04-17 08:41:50","system","2015-04-17 03:11:50"
"2","2","1","Physics","Y","system","2015-04-17 10:03:58","system","2015-04-17 04:33:58"
"4","1","1","English","Y","system","2015-04-22 11:03:25","system","2015-04-22 05:33:25"
"29","15","2","maths","Y","system","2015-06-03 14:13:14","system","2015-06-03 08:43:14"
"9","8","2","Maths","Y","system","2015-05-01 19:54:01","system","2015-05-01 14:24:01"
"8","7","2","Science","Y","system","2015-04-27 19:09:33","system","2015-04-27 13:39:33"
"7","6","2","Mathematics","Y","system","2015-04-27 13:45:14","system","2015-04-27 08:15:14"
"6","5","2","Hindi","Y","system","2015-04-25 12:18:08","system","2015-04-25 06:48:08"
"5","5","2","English","Y","system","2015-04-25 12:16:57","system","2015-04-25 06:46:57"
"21","11","3","Economics","Y","system","2015-05-18 23:30:31","system","2015-05-18 18:00:31"
"22","12","3","Maths","Y","system","2015-05-18 23:31:08","system","2015-05-18 18:01:08"
"23","12","3","Physics","Y","system","2015-05-18 23:31:23","system","2015-05-18 18:01:23"
"24","12","3","Chemistry","Y","system","2015-05-18 23:31:36","system","2015-05-18 18:01:36"
"25","12","3","Biology","Y","system","2015-05-18 23:31:52","system","2015-05-18 18:01:59"
"26","12","3","Economics","Y","system","2015-05-18 23:32:08","system","2015-05-18 18:02:08"
"28","14","3","English","Y","system","2015-05-31 13:53:14","system","2015-05-31 08:23:14"
"33","9","3","Social Science","Y","system","2015-06-16 17:46:21","system","2015-06-16 12:16:21"
"20","11","3","Biology","Y","system","2015-05-18 23:30:15","system","2015-05-18 18:00:15"
"19","11","3","Chemistry","Y","system","2015-05-18 23:29:38","system","2015-05-18 17:59:38"
"10","9","3","Maths","Y","system","2015-05-10 18:17:22","system","2015-05-10 12:47:22"
"11","9","3","Science","Y","system","2015-05-10 18:22:28","system","2015-05-10 12:52:28"
"12","9","3","English","Y","system","2015-05-10 18:23:32","system","2015-05-10 12:53:32"
"13","10","3","English","Y","system","2015-05-10 18:24:05","system","2015-05-10 12:54:05"
"14","10","3","Maths","Y","system","2015-05-10 18:24:21","system","2015-05-10 12:54:21"
"15","10","3","Science","Y","system","2015-05-10 18:24:34","system","2015-05-10 12:54:34"
"16","10","3","Hindi","Y","system","2015-05-10 18:25:27","system","2015-05-10 12:55:27"
"17","11","3","Maths","Y","system","2015-05-18 23:28:58","system","2015-05-18 17:58:58"
"18","11","3","Physics","Y","system","2015-05-18 23:29:21","system","2015-05-18 17:59:21"
"32","16","4","Tax Laws And Practices","Y","system","2015-06-13 09:30:20","system","2015-06-13 04:00:20"
"31","16","4","Cost and Management Accounting","Y","system","2015-06-13 09:29:31","system","2015-06-13 03:59:31"
"30","16","4","Company Law","Y","system","2015-06-13 09:28:52","system","2015-06-13 03:58:52"
"58","22","100001","English","Y","system","2015-06-23 09:15:30","system","2015-06-23 03:45:30"
"50","21","100005","Maths","Y","system","2015-06-21 19:55:46","system","2015-06-21 14:25:46"
"51","21","100005","Accounts","Y","system","2015-06-21 19:56:07","system","2015-06-21 14:26:07"
"52","21","100005","Economics","Y","system","2015-06-21 19:56:46","system","2015-06-21 14:26:46"
"53","21","100005","Business Studies","Y","system","2015-06-21 19:57:06","system","2015-06-21 14:27:06"
"54","21","100005","English","Y","system","2015-06-21 19:57:39","system","2015-06-21 14:27:39"
"55","21","100005","Chemistry","N","system","2015-06-21 19:58:19","system","2015-07-27 08:46:25"
"56","21","100005","Physics","N","system","2015-06-21 19:58:36","system","2015-07-27 08:46:49"
"57","21","100005","Biology","N","system","2015-06-21 19:58:54","system","2015-06-21 14:29:09"
"69","21","100005","Information Practise","Y","system","2015-07-18 16:35:27","system","2015-07-18 11:05:27"
"70","21","100005","Psychology","Y","system","2015-08-07 12:48:17","system","2015-08-07 07:26:33"
"71","21","100005","Political science","Y","system","2015-08-07 12:49:28","system","2015-08-07 07:19:28"
"72","20","100005","History","Y","system","2015-08-07 12:54:30","system","2015-08-07 07:24:30"
"73","20","100005","Psychology","Y","system","2015-08-07 12:56:04","system","2015-08-07 07:26:04"
"49","20","100005","Biology","N","system","2015-06-21 19:55:04","system","2015-06-21 14:29:24"
"48","20","100005","Physics","Y","system","2015-06-21 19:54:13","system","2015-06-21 14:24:13"
"35","18","100005","Science","Y","system","2015-06-21 19:48:39","system","2015-06-21 14:18:39"
"38","19","100005","Maths","Y","system","2015-06-21 19:50:14","system","2015-06-21 14:20:14"
"37","18","100005","English","Y","system","2015-06-21 19:49:36","system","2015-06-21 14:19:36"
"36","18","100005","Social Science","Y","system","2015-06-21 19:49:05","system","2015-06-21 14:19:05"
"34","18","100005","Maths","Y","system","2015-06-21 19:47:47","system","2015-06-21 14:17:47"
"39","19","100005","Science","Y","system","2015-06-21 19:50:31","system","2015-06-21 14:20:31"
"40","19","100005","Social science","Y","system","2015-06-21 19:50:50","system","2015-06-21 14:20:50"
"41","19","100005","English","Y","system","2015-06-21 19:51:08","system","2015-06-21 14:21:08"
"42","20","100005","Accounts","Y","system","2015-06-21 19:51:37","system","2015-06-21 14:21:37"
"43","20","100005","Economics","Y","system","2015-06-21 19:51:57","system","2015-06-21 14:21:57"
"44","20","100005","Maths","Y","system","2015-06-21 19:52:18","system","2015-06-21 14:22:18"
"45","20","100005","Business Studies","Y","system","2015-06-21 19:52:56","system","2015-06-21 14:22:56"
"46","20","100005","English","Y","system","2015-06-21 19:53:22","system","2015-06-21 14:23:22"
"47","20","100005","Chemistry","Y","system","2015-06-21 19:53:43","system","2015-06-21 14:23:43"
"67","23","100009","physics-LFS CHARGAWAN","Y","system","2015-07-04 21:42:24","system","2015-07-04 16:12:24"
"66","23","100009","chemistry-LFS CHARGAWAN","Y","system","2015-07-04 21:40:42","system","2015-07-04 16:10:42"
"65","23","100009","maths-LFS CHARGAWAN","Y","system","2015-07-04 21:39:41","system","2015-07-04 16:09:41"
"59","23","100009","Maths-LFS DHARAMPUR","Y","system","2015-07-04 18:10:36","system","2015-07-04 16:07:42"
"60","23","100009","Chemistry-LFS DHARAMPUR","Y","system","2015-07-04 18:11:07","system","2015-07-04 16:07:57"
"61","23","100009","Physics-LFS DHARAMPUR","Y","system","2015-07-04 18:11:36","system","2015-07-04 16:08:15"
"62","24","100009","Maths-LFS DHARAMPUR","Y","system","2015-07-04 21:36:55","system","2015-07-04 16:06:55"
"63","24","100009","chemistry-LFS DHARAMPUR","Y","system","2015-07-04 21:38:41","system","2015-07-04 16:08:41"
"64","24","100009","physics-LFS DHARAMPUR","Y","system","2015-07-04 21:39:11","system","2015-07-04 16:09:11"
"68","25","100012","Maths","Y","system","2015-07-12 08:57:04","system","2015-07-12 03:27:04"
"74","26","100014","Advanced Accouting","Y","system","2015-08-16 09:06:51","system","2015-08-16 03:36:51"
"105","40","100016","Mathematics","Y","system","2015-08-17 15:55:43","system","2015-08-17 10:25:43"
"104","38","100016","Physics","Y","system","2015-08-17 15:55:23","system","2015-08-17 10:25:23"
"103","39","100016","Chemistry","Y","system","2015-08-17 15:54:01","system","2015-08-17 10:24:01"
"102","39","100016","Mathematics","Y","system","2015-08-17 15:53:30","system","2015-08-17 10:23:30"
"101","38","100016","Chemistry","Y","system","2015-08-17 15:52:34","system","2015-08-17 10:22:34"
"100","39","100016","Physics","Y","system","2015-08-17 15:52:20","system","2015-08-17 10:22:20"
"99","38","100016","Mathematics","Y","system","2015-08-17 15:52:02","system","2015-08-17 10:22:02"
"98","36","100016","Economics","Y","system","2015-08-17 15:50:00","system","2015-08-17 10:20:00"
"97","36","100016","Accounts","Y","system","2015-08-17 15:49:35","system","2015-08-17 10:19:35"
"106","40","100016","Physics","Y","system","2015-08-17 15:55:59","system","2015-08-17 10:25:59"
"107","40","100016","Chemistry","Y","system","2015-08-17 15:57:05","system","2015-08-17 10:27:05"
"116","36","100016","Geography","Y","system","2015-08-18 14:21:04","system","2015-08-18 08:51:04"
"115","36","100016","Political Science","Y","system","2015-08-18 12:30:45","system","2015-08-18 07:00:45"
"114","36","100016","Informatics Practices","Y","system","2015-08-18 12:29:43","system","2015-08-18 06:59:43"
"113","35","100016","Political Science","Y","system","2015-08-18 12:29:30","system","2015-08-18 06:59:30"
"112","35","100016","Informatics Practices","Y","system","2015-08-18 12:29:15","system","2015-08-18 06:59:15"
"111","44","100016","Mathematics","Y","system","2015-08-17 15:58:33","system","2015-08-17 10:28:33"
"110","43","100016","Mathematics","Y","system","2015-08-17 15:58:16","system","2015-08-17 10:28:16"
"109","42","100016","Mathematics","Y","system","2015-08-17 15:57:59","system","2015-08-17 10:27:59"
"108","41","100016","Mathematics","Y","system","2015-08-17 15:57:41","system","2015-08-17 10:27:41"
"96","36","100016","English","Y","system","2015-08-17 15:48:47","system","2015-08-17 10:18:47"
"95","36","100016","Chemistry","Y","system","2015-08-17 15:48:16","system","2015-08-17 10:18:16"
"83","34","100016","Science","Y","system","2015-08-17 12:09:12","system","2015-08-17 06:39:12"
"82","33","100016","Social Science","Y","system","2015-08-17 12:08:47","system","2015-08-17 06:38:59"
"81","33","100016","English","Y","system","2015-08-17 12:08:29","system","2015-08-17 06:38:29"
"80","33","100016","Science","Y","system","2015-08-17 12:08:16","system","2015-08-17 06:38:16"
"79","33","100016","Mathematics","Y","system","2015-08-17 12:08:04","system","2015-08-17 10:17:28"
"78","32","100016","All Subject","Y","system","2015-08-17 12:07:38","system","2015-08-17 06:37:38"
"77","31","100016","All Subject","Y","system","2015-08-17 12:07:29","system","2015-08-17 06:37:29"
"76","30","100016","All Subject","Y","system","2015-08-17 12:07:19","system","2015-08-17 06:37:19"
"75","29","100016","All Subject","Y","system","2015-08-17 12:07:05","system","2015-08-17 06:37:50"
"84","34","100016","Mathematics","Y","system","2015-08-17 12:09:22","system","2015-08-17 10:17:02"
"85","34","100016","Social Science","Y","system","2015-08-17 12:09:54","system","2015-08-17 06:39:54"
"94","36","100016","Physics","Y","system","2015-08-17 15:47:49","system","2015-08-17 10:17:49"
"93","36","100016","Mathematics","Y","system","2015-08-17 15:46:29","system","2015-08-17 10:16:29"
"92","35","100016","Economics","Y","system","2015-08-17 12:28:39","system","2015-08-17 06:58:39"
"91","35","100016","English","Y","system","2015-08-17 12:18:49","system","2015-08-17 06:48:49"
"90","35","100016","Accounts","Y","system","2015-08-17 12:18:22","system","2015-08-17 06:48:22"
"89","35","100016","Mathematics","Y","system","2015-08-17 12:18:08","system","2015-08-17 10:16:46"
"88","35","100016","Chemistry","Y","system","2015-08-17 12:17:50","system","2015-08-17 06:47:50"
"87","35","100016","Physics","Y","system","2015-08-17 12:11:01","system","2015-08-17 06:42:12"
"86","34","100016","English","Y","system","2015-08-17 12:10:50","system","2015-08-17 06:40:50"
"120","49","100017","Mathematics","Y","system","2015-08-21 16:39:50","system","2015-08-21 11:09:50"
"119","49","100017","Physics","Y","system","2015-08-21 16:39:38","system","2015-08-21 11:09:38"
"118","48","100019","Physics","Y","system","2015-08-21 16:03:16","system","2015-08-21 10:33:16"
"117","47","100019","Physics","Y","system","2015-08-21 16:03:06","system","2015-08-21 10:33:06"
"121","51","100020","Maths","Y","system","2015-08-23 21:02:19","system","2015-08-23 15:32:19"
"122","51","100020","Science","Y","system","2015-08-23 21:04:05","system","2015-08-23 15:34:05"
"127","52","100021","Social Science","Y","system","2015-08-26 16:03:22","system","2015-08-26 10:33:22"
"126","52","100021","Geography","Y","system","2015-08-26 16:03:09","system","2015-08-26 10:33:09"
"125","52","100021","SUPW","Y","system","2015-08-26 16:02:17","system","2015-08-26 10:32:17"
"124","52","100021","Mathematics","Y","system","2015-08-26 16:02:06","system","2015-08-26 10:32:06"
"123","52","100021","Science","Y","system","2015-08-26 16:01:54","system","2015-08-26 10:31:54"
"131","53","100023","Social Science","Y","system","2015-08-26 16:40:32","system","2015-08-26 11:10:32"
"130","53","100023","Mathematics","Y","system","2015-08-26 16:40:20","system","2015-08-26 11:10:20"
"129","53","100023","Science","Y","system","2015-08-26 16:40:07","system","2015-08-26 11:10:07"
"128","53","100023","Geography","Y","system","2015-08-26 16:39:56","system","2015-08-26 11:09:56"
"181","58","100026","MATHS","Y","system","2015-09-17 11:22:17","system","2015-09-17 11:22:17"
"180","59","100026","FRENCH","Y","system","2015-09-17 11:21:59","system","2015-09-17 11:21:59"
"179","59","100026","SOCIAL STUDIES","Y","system","2015-09-17 11:21:41","system","2015-09-17 11:21:41"
"178","59","100026","ENGLISH","Y","system","2015-09-17 11:21:21","system","2015-09-17 11:21:21"
"177","59","100026","SCIENCE","Y","system","2015-09-17 11:20:59","system","2015-09-17 11:20:59"
"175","60","100026","FRENCH","Y","system","2015-09-17 11:20:19","system","2015-09-17 11:20:19"
"174","60","100026","SOCIAL STUDIES","Y","system","2015-09-17 11:19:22","system","2015-09-17 11:19:22"
"173","60","100026","ENGLISH","Y","system","2015-09-17 11:19:01","system","2015-09-17 11:19:01"
"172","60","100026","SCIENCE","Y","system","2015-09-17 11:18:25","system","2015-09-17 11:18:25"
"171","60","100026","MATHS","Y","system","2015-09-17 11:18:09","system","2015-09-17 11:18:09"
"182","58","100026","SCIENCE","Y","system","2015-09-17 11:22:55","system","2015-09-17 11:22:55"
"183","58","100026","ENGLISH","Y","system","2015-09-17 11:23:15","system","2015-09-17 11:23:15"
"184","58","100026","SOCIAL STUDIES","Y","system","2015-09-17 11:23:34","system","2015-09-17 11:23:34"
"194","55","100026","ACCOUNTS","Y","system","2015-09-17 12:53:35","system","2015-09-17 12:53:35"
"193","56","100026","SOCIAL STUDIES","Y","system","2015-09-17 12:28:13","system","2015-09-17 12:28:13"
"192","56","100026","ENGLISH","Y","system","2015-09-17 12:27:51","system","2015-09-17 12:27:51"
"191","56","100026","SCIENCE","Y","system","2015-09-17 12:27:35","system","2015-09-17 12:27:35"
"190","56","100026","MATHS","Y","system","2015-09-17 12:27:24","system","2015-09-17 12:27:24"
"189","57","100026","SOCIAL STUDIES","Y","system","2015-09-17 12:27:03","system","2015-09-17 12:27:03"
"188","57","100026","ENGLISH","Y","system","2015-09-17 12:26:39","system","2015-09-17 12:26:39"
"187","57","100026","SCIENCE","Y","system","2015-09-17 12:26:23","system","2015-09-17 12:26:23"
"186","57","100026","MATHS","Y","system","2015-09-17 12:26:05","system","2015-09-17 12:26:05"
"185","58","100026","FRENCH","Y","system","2015-09-17 11:24:17","system","2015-09-17 11:24:17"
"176","59","100026","MATHS","Y","system","2015-09-17 11:20:43","system","2015-09-17 11:20:43"
"145","55","100026","COMPUTER SCIENCE","Y","system","2015-09-13 11:28:27","system","2015-09-13 11:28:27"
"138","54","100026","ECONOMICS","Y","system","2015-09-13 11:24:52","system","2015-09-13 11:24:52"
"137","54","100026","ACCOUNTS","Y","system","2015-09-13 11:24:20","system","2015-09-13 11:24:20"
"140","55","100026","ENGLISH","Y","system","2015-09-13 11:25:38","system","2015-09-13 11:25:38"
"135","54","100026","BIOLOGY","Y","system","2015-09-13 11:23:37","system","2015-09-13 11:23:37"
"134","54","100026","CHEMISTRY","Y","system","2015-09-13 11:23:05","system","2015-09-13 11:23:05"
"133","54","100026","MATHS","Y","system","2015-09-13 11:22:43","system","2015-09-13 11:22:43"
"132","54","100026","PHYSICS","Y","system","2015-09-12 12:21:18","system","2015-09-12 12:21:18"
"136","54","100026","COMPUTER SCIENCE","Y","system","2015-09-13 11:24:01","system","2015-09-13 11:24:01"
"141","55","100026","PHYSICS","Y","system","2015-09-13 11:27:11","system","2015-09-13 11:27:11"
"142","55","100026","CHEMISTRY","Y","system","2015-09-13 11:27:32","system","2015-09-13 11:27:32"
"143","55","100026","MATHS","Y","system","2015-09-13 11:27:50","system","2015-09-13 11:27:50"
"144","55","100026","BIOLOGY","Y","system","2015-09-13 11:28:07","system","2015-09-13 11:28:07"
"148","54","100026","ENGLISH","Y","system","2015-09-13 11:30:09","system","2015-09-13 11:30:09"
"147","55","100026","BUSINESS STUDIES","Y","system","2015-09-13 11:29:11","system","2015-09-13 11:29:11"
"146","55","100026","ECONOMICS","Y","system","2015-09-13 11:28:46","system","2015-09-13 11:28:46"
"139","54","100026","BUSINESS STUDIES","Y","system","2015-09-13 11:25:16","system","2015-09-13 11:25:16"
"164","65","100027","Cost Accounting","Y","system","2015-09-14 17:23:12","system","2015-09-14 17:23:12"
"195","65","100027","BUSINESS MATHEMATICS AND STATS","Y","system","2015-09-17 15:04:45","system","2015-09-17 15:04:45"
"196","72","100027","QUANTITIVE APTITUTE","Y","system","2015-09-17 15:06:30","system","2015-09-17 15:06:30"
"197","69","100027","LINEAR ALEBRA","Y","system","2015-09-17 15:07:42","system","2015-09-17 15:07:42"
"198","69","100027","ANALYSIS 1ST","Y","system","2015-09-17 15:08:08","system","2015-09-17 15:08:08"
"199","69","100027","GROUP THEORY","Y","system","2015-09-17 15:08:39","system","2015-09-17 15:08:39"
"200","70","100027","ANALYSIS 2ND","Y","system","2015-09-17 15:09:40","system","2015-09-17 15:09:40"
"201","70","100027","OD","Y","system","2015-09-17 15:10:14","system","2015-09-17 15:10:14"
"202","71","100027","PD","Y","system","2015-09-17 15:10:33","system","2015-09-17 15:10:33"
"149","61","100027","Accountancy","Y","system","2015-09-14 16:27:31","system","2015-09-14 16:27:31"
"165","65","100027","Income Tax","Y","system","2015-09-14 17:23:33","system","2015-09-14 17:23:33"
"163","61","100027","Economics (Hindi Medium)","Y","system","2015-09-14 17:21:47","system","2015-09-14 17:21:47"
"162","61","100027","Economics (English Medium)","Y","system","2015-09-14 17:21:17","system","2015-09-14 17:21:17"
"161","63","100027","Economics","Y","system","2015-09-14 17:20:49","system","2015-09-14 17:20:49"
"155","63","100027","Chemistry","Y","system","2015-09-14 17:16:15","system","2015-09-14 17:16:15"
"159","63","100027","Biology","Y","system","2015-09-14 17:19:58","system","2015-09-14 17:19:58"
"158","61","100027","Physics","Y","system","2015-09-14 17:18:54","system","2015-09-14 17:18:54"
"157","63","100027","Physics","Y","system","2015-09-14 17:18:35","system","2015-09-14 17:18:35"
"156","63","100027","Accountancy","Y","system","2015-09-14 17:17:47","system","2015-09-14 17:17:47"
"166","66","100027","Management accounting","Y","system","2015-09-14 17:24:17","system","2015-09-14 17:24:17"
"167","66","100027","Financial Management","Y","system","2015-09-14 17:24:50","system","2015-09-14 17:24:50"
"160","61","100027","Biology","Y","system","2015-09-14 17:20:13","system","2015-09-14 17:20:13"
"150","62","100027","Mathematics","Y","system","2015-09-14 16:39:45","system","2015-09-14 16:39:45"
"151","64","100027","Financial Accounting","Y","system","2015-09-14 16:57:43","system","2015-09-14 16:57:43"
"152","63","100027","Mathematics","Y","system","2015-09-14 17:12:55","system","2015-09-14 17:12:55"
"153","61","100027","Mathematics","Y","system","2015-09-14 17:13:18","system","2015-09-14 17:13:18"
"154","61","100027","Chemistry","Y","system","2015-09-14 17:15:53","system","2015-09-14 17:15:53"
"170","68","100027","Maths","Y","system","2015-09-16 18:50:41","system","2015-09-16 18:50:41"
"169","67","100027","Quantity Appitude","Y","system","2015-09-15 14:55:05","system","2015-09-15 14:55:05"
"168","62","100027","Quantity Appitude","Y","system","2015-09-15 14:53:16","system","2015-09-15 14:53:36"
"234","81","100030","MATHS","Y","system","2015-09-21 19:58:37","system","2015-09-21 19:58:37"
"233","81","100030","CHEMISTRY","Y","system","2015-09-21 19:58:20","system","2015-09-21 19:58:20"
"232","81","100030","PHYSICS","Y","system","2015-09-21 19:57:58","system","2015-09-21 19:57:58"
"231","80","100030","ENGLISH","Y","system","2015-09-21 19:57:36","system","2015-09-21 19:57:36"
"230","80","100030","C++","Y","system","2015-09-21 19:57:04","system","2015-09-21 19:57:04"
"229","80","100030","I.P.","Y","system","2015-09-21 19:56:34","system","2015-09-21 19:56:34"
"228","80","100030","B.St.","Y","system","2015-09-21 19:56:13","system","2015-09-21 19:56:13"
"227","80","100030","ECONOMICS","Y","system","2015-09-21 19:55:44","system","2015-09-21 19:55:44"
"226","80","100030","ACCOUNTS","Y","system","2015-09-21 19:55:24","system","2015-09-21 19:55:24"
"225","80","100030","MATHS","Y","system","2015-09-21 19:54:48","system","2015-09-21 19:54:48"
"235","81","100030","ACCOUNTS","Y","system","2015-09-21 19:58:56","system","2015-09-21 19:58:56"
"236","81","100030","ECONOMICS","Y","system","2015-09-21 19:59:17","system","2015-09-21 19:59:17"
"249","83","100030","Financial Management","Y","system","2015-09-22 18:24:44","system","2015-09-22 18:24:44"
"248","83","100030","Management Accounting","Y","system","2015-09-22 18:24:21","system","2015-09-22 18:24:21"
"247","83","100030","Business Law","Y","system","2015-09-22 18:23:15","system","2015-09-22 18:23:15"
"246","83","100030","Financial Accounting","Y","system","2015-09-22 18:19:02","system","2015-09-22 18:19:02"
"245","83","100030","Business Statistics","Y","system","2015-09-22 18:18:29","system","2015-09-22 18:18:29"
"240","81","100030","c++","Y","system","2015-09-21 20:00:52","system","2015-09-21 20:00:52"
"239","81","100030","I.P.","Y","system","2015-09-21 20:00:22","system","2015-09-21 20:00:22"
"238","81","100030","ENGLISH","Y","system","2015-09-21 20:00:01","system","2015-09-21 20:00:01"
"237","81","100030","B.St.","Y","system","2015-09-21 19:59:39","system","2015-09-21 19:59:39"
"250","83","100030","Corporate Accounting","Y","system","2015-09-22 18:27:10","system","2015-09-22 18:27:10"
"224","80","100030","CHEMISTRY","Y","system","2015-09-21 19:53:55","system","2015-09-21 19:53:55"
"211","77","100030","S.St","Y","system","2015-09-21 19:48:03","system","2015-09-21 19:48:03"
"210","77","100030","SCIENCE","Y","system","2015-09-21 19:45:43","system","2015-09-21 19:45:43"
"209","77","100030","MATHS","Y","system","2015-09-21 19:45:21","system","2015-09-21 19:45:21"
"208","77","100030","ENGLISH","Y","system","2015-09-21 19:44:43","system","2015-09-21 19:45:01"
"207","75","100030","S.St.","Y","system","2015-09-21 19:34:57","system","2015-09-21 19:34:57"
"206","75","100030","SCIENCE","Y","system","2015-09-21 19:34:34","system","2015-09-21 19:34:34"
"205","75","100030","MATHS","Y","system","2015-09-21 19:34:12","system","2015-09-21 19:34:12"
"204","75","100030","ENGLISH","Y","system","2015-09-21 19:33:43","system","2015-09-21 19:33:43"
"203","76","100030","S.St.","Y","system","2015-09-21 18:10:16","system","2015-09-21 18:10:16"
"212","78","100030","ENGLISH","Y","system","2015-09-21 19:48:33","system","2015-09-21 19:48:33"
"213","78","100030","MATHS","Y","system","2015-09-21 19:48:50","system","2015-09-21 19:48:50"
"214","78","100030","SCIENCE","Y","system","2015-09-21 19:49:26","system","2015-09-21 19:49:26"
"223","80","100030","PHYSICS","Y","system","2015-09-21 19:53:23","system","2015-09-21 19:53:23"
"222","79","100030","S.St.","Y","system","2015-09-21 19:53:06","system","2015-09-21 19:53:06"
"221","79","100030","SCIENCE","Y","system","2015-09-21 19:52:36","system","2015-09-21 19:52:36"
"220","79","100030","MATHS","Y","system","2015-09-21 19:52:11","system","2015-09-21 19:52:11"
"219","79","100030","ENGLISH","Y","system","2015-09-21 19:51:54","system","2015-09-21 19:51:54"
"218","76","100030","SCIENCE","Y","system","2015-09-21 19:51:30","system","2015-09-21 19:51:30"
"216","76","100030","ENGLISH","Y","system","2015-09-21 19:50:17","system","2015-09-21 19:50:17"
"217","76","100030","MATHS","Y","system","2015-09-21 19:50:39","system","2015-09-21 19:50:39"
"215","78","100030","S.St.","Y","system","2015-09-21 19:49:46","system","2015-09-21 19:49:46"
"256","92","100031","FRENCH","Y","system","2015-09-24 17:24:34","system","2015-09-24 17:24:34"
"257","93","100031","PHYSICS","Y","system","2015-09-24 17:27:37","system","2015-09-24 17:27:37"
"258","93","100031","MATHS","N","system","2015-09-24 17:32:16","system","2015-09-24 17:32:16"
"259","93","100031","COMMERCE","Y","system","2015-09-24 17:32:39","system","2015-09-24 17:32:39"
"262","92","100031","GERMAN","Y","system","2015-09-25 18:55:41","system","2015-09-25 18:55:41"
"261","93","100031","POLITICAL SCIENCE","Y","system","2015-09-25 16:58:07","system","2015-09-25 16:58:07"
"260","93","100031","ENGLISH","Y","system","2015-09-24 17:34:21","system","2015-09-24 17:34:21"
"255","86","100031","MECHANICAL","Y","system","2015-09-24 14:28:04","system","2015-09-24 14:30:05"
"254","74","100031","General Awareness","Y","system","2015-09-24 13:49:12","system","2015-09-24 14:03:49"
"241","73","100031","english","Y","system","2015-09-22 16:20:22","system","2015-09-22 16:20:22"
"242","73","100031","maths","Y","system","2015-09-22 16:24:20","system","2015-09-22 16:24:20"
"243","73","100031","reasoning","Y","system","2015-09-22 16:25:13","system","2015-09-22 16:25:13"
"244","73","100031","general studies","Y","system","2015-09-22 16:25:55","system","2015-09-22 16:25:55"
"251","74","100031","maths","Y","system","2015-09-24 13:46:18","system","2015-09-24 13:46:57"
"252","74","100031","english","Y","system","2015-09-24 13:47:34","system","2015-09-24 13:47:34"
"253","74","100031","reasoning","Y","system","2015-09-24 13:48:00","system","2015-09-24 13:48:00"
"304","95","100039","Geography1","Y","system","2016-11-19 10:40:41","system","2016-11-19 10:42:51"
"272","97","100039","Maths","Y","system","2016-03-27 07:55:37","system","2016-03-27 07:55:37"
"271","97","100039","Chem2","Y","system","2016-03-27 07:55:26","system","2016-12-04 21:29:42"
"270","97","100039","Phy","Y","system","2016-03-27 07:55:15","system","2016-03-27 07:55:15"
"269","96","100039","Maths","Y","system","2016-03-27 07:55:01","system","2016-03-27 07:55:01"
"268","96","100039","Chem1","Y","system","2016-03-27 07:54:49","system","2016-12-04 21:29:53"
"267","96","100039","Phy","Y","system","2016-03-27 07:54:35","system","2016-03-27 07:54:35"
"266","95","100039","Maths","Y","system","2016-03-27 07:54:22","system","2016-03-27 07:54:22"
"265","95","100039","Sci","Y","system","2016-03-27 07:54:11","system","2016-03-27 07:54:11"
"264","94","100039","Maths","Y","system","2016-03-27 07:53:58","system","2016-03-27 07:53:58"
"263","94","100039","Sci","Y","system","2016-03-27 07:53:48","system","2016-03-27 07:53:48"
"305","94","100039","alpha testing 
","Y","system","2016-12-03 14:30:05","system","2016-12-03 14:30:05"
"274","98","100040","Social","Y","system","2016-04-19 22:25:45","system","2016-04-19 22:25:45"
"273","99","100041","MAths","Y","system","2016-04-19 22:25:38","system","2016-04-19 22:25:38"
"275","100","100042","Maths","Y","system","2016-06-14 09:30:23","system","2016-06-14 09:30:23"
"281","104","100042","Physics","Y","system","2016-07-08 12:15:13","system","2016-07-08 12:15:13"
"280","104","100042","Maths","Y","system","2016-07-08 12:14:53","system","2016-07-08 12:14:53"
"658","640","100043","Chhatarpur","Y","system","2017-02-14 17:35:58","system","2017-02-14 17:35:58"
"672","642","100043","Deeg","Y","system","2017-02-14 17:45:50","system","2017-02-14 17:45:50"
"673","645","100043","Ambikapur","Y","system","2017-02-14 17:47:59","system","2017-02-14 17:47:59"
"674","641","100043","Karad","Y","system","2017-02-14 17:48:33","system","2017-02-14 17:48:33"
"675","650","100043","Ponnani","Y","system","2017-02-14 17:49:39","system","2017-02-14 17:49:39"
"676","638","100043","Saharanpur","Y","system","2017-02-14 17:50:05","system","2017-02-14 17:50:05"
"677","646","100043","Yamunanagar","Y","system","2017-02-14 17:52:59","system","2017-02-14 17:52:59"
"678","639","100043","Muzaffarpur","Y","system","2017-02-14 17:56:23","system","2017-02-14 17:56:23"
"679","651","100043","Bikaner","Y","system","2017-02-14 17:58:15","system","2017-02-14 17:58:15"
"680","647","100043","Dehra Dun","Y","system","2017-02-14 17:59:11","system","2017-02-14 17:59:11"
"681","636","100043","Borsad","Y","system","2017-02-14 18:00:17","system","2017-02-14 18:00:17"
"671","637","100043","Khanna","Y","system","2017-02-14 17:45:27","system","2017-02-14 17:45:27"
"670","637","100043","Dhilwan","Y","system","2017-02-14 17:42:46","system","2017-02-14 17:42:46"
"669","638","100043","Kalpi","Y","system","2017-02-14 17:42:21","system","2017-02-14 17:42:21"
"659","648","100043","Tirupati","Y","system","2017-02-14 17:36:29","system","2017-02-14 17:36:29"
"660","345","100043","Howrah","Y","system","2017-02-14 17:37:03","system","2017-02-14 17:37:03"
"661","650","100043","Kollam","Y","system","2017-02-14 17:37:49","system","2017-02-14 17:37:49"
"662","641","100043","Chandrapur","Y","system","2017-02-14 17:38:43","system","2017-02-14 17:38:43"
"663","640","100043","Ujjain","Y","system","2017-02-14 17:39:04","system","2017-02-14 17:39:04"
"664","649","100043","Hinjilicut","Y","system","2017-02-14 17:39:28","system","2017-02-14 17:39:28"
"665","637","100043","Barnala","Y","system","2017-02-14 17:40:40","system","2017-02-14 17:40:40"
"666","636","100043","Mahesana","Y","system","2017-02-14 17:41:04","system","2017-02-14 17:41:04"
"667","646","100043","Karnal","Y","system","2017-02-14 17:41:33","system","2017-02-14 17:41:33"
"668","636","100043","Palanpur","Y","system","2017-02-14 17:41:57","system","2017-02-14 17:41:57"
"682","336","100043","Dhanbad","Y","system","2017-02-14 18:01:08","system","2017-02-14 18:01:08"
"683","641","100043","Sangamner","Y","system","2017-02-14 18:02:37","system","2017-02-14 18:02:37"
"697","636","100043","Kadi","Y","system","2017-02-14 18:18:56","system","2017-02-14 18:18:56"
"698","653","100043","Jammu","Y","system","2017-02-14 18:19:30","system","2017-02-14 18:19:30"
"699","345","100043","Bolpur","Y","system","2017-02-14 18:21:00","system","2017-02-14 18:21:00"
"700","638","100043","Ghaziabad","Y","system","2017-02-14 18:22:17","system","2017-02-14 18:22:17"
"701","650","100043","Thiruvananthapuram","Y","system","2017-02-15 10:15:04","system","2017-02-15 10:15:04"
"702","636","100043","Bilimora","Y","system","2017-02-15 10:15:36","system","2017-02-15 10:15:36"
"703","643","100043","Mariani","Y","system","2017-02-15 10:16:36","system","2017-02-15 10:16:36"
"704","637","100043","Rajpura","Y","system","2017-02-15 10:17:07","system","2017-02-15 10:17:07"
"705","654","100043","Sitarganj","N","system","2017-02-15 10:17:38","system","2018-05-14 13:00:50"
"706","640","100043","Sarni","Y","system","2017-02-15 10:18:06","system","2017-02-15 10:18:06"
"696","641","100043","Aurangabad","Y","system","2017-02-14 18:18:16","system","2017-02-14 18:18:16"
"695","647","100043","Kashipur","Y","system","2017-02-14 18:17:51","system","2017-02-14 18:17:51"
"694","653","100043","Srinagar","Y","system","2017-02-14 18:16:57","system","2017-02-14 18:16:57"
"684","640","100043","Ratlam","Y","system","2017-02-14 18:04:05","system","2017-02-14 18:04:05"
"685","639","100043","Bihar Sharif","Y","system","2017-02-14 18:05:48","system","2017-02-14 18:05:48"
"686","639","100043","Sasaram","Y","system","2017-02-14 18:07:30","system","2017-02-14 18:07:30"
"687","638","100043","Noida","Y","system","2017-02-14 18:08:35","system","2017-02-14 18:08:35"
"688","646","100043","Ambala","Y","system","2017-02-14 18:10:04","system","2017-02-14 18:10:04"
"689","637","100043","Sangrur","Y","system","2017-02-14 18:10:56","system","2017-02-14 18:10:56"
"690","652","100043","Reckong Peo","Y","system","2017-02-14 18:11:51","system","2017-02-14 18:11:51"
"691","639","100043","Darbhanga","Y","system","2017-02-14 18:12:36","system","2017-02-14 18:12:36"
"692","639","100043","Hajipur","Y","system","2017-02-14 18:13:39","system","2017-02-14 18:13:39"
"693","641","100043","Nasik","Y","system","2017-02-14 18:14:17","system","2017-02-14 18:14:17"
"707","652","100043","Nahan","Y","system","2017-02-15 10:18:33","system","2017-02-15 10:18:33"
"607","640","100043","Bhopal","Y","system","2017-02-14 16:46:09","system","2017-02-14 16:46:09"
"621","636","100043","Mehsana","Y","system","2017-02-14 16:59:30","system","2017-02-14 16:59:30"
"622","640","100043","Jabalpur","Y","system","2017-02-14 16:59:57","system","2017-02-14 16:59:57"
"623","644","100043","Jind","Y","system","2017-02-14 17:00:28","system","2017-02-14 17:00:28"
"624","640","100043","Gwalior","Y","system","2017-02-14 17:02:46","system","2017-02-14 17:02:46"
"625","638","100043","Anand Nagar","Y","system","2017-02-14 17:03:37","system","2017-02-14 17:03:37"
"626","645","100043","Jashpur","Y","system","2017-02-14 17:04:08","system","2017-02-14 17:04:08"
"627","637","100043","Bathinda","Y","system","2017-02-14 17:07:23","system","2017-02-14 17:07:23"
"628","642","100043","Churu","Y","system","2017-02-14 17:07:47","system","2017-02-14 17:07:47"
"629","639","100043","Patna","Y","system","2017-02-14 17:08:18","system","2017-02-14 17:08:18"
"630","653","100043","Kathua","Y","system","2017-02-14 17:08:47","system","2017-02-14 17:08:47"
"620","638","100043","Lucknow","Y","system","2017-02-14 16:58:58","system","2017-02-14 16:58:58"
"619","638","100043","Mathura","Y","system","2017-02-14 16:57:55","system","2017-02-14 16:57:55"
"618","640","100043","Indore","Y","system","2017-02-14 16:56:04","system","2017-02-14 16:56:04"
"608","641","100043","Mumbai","Y","system","2017-02-14 16:47:45","system","2017-02-14 16:47:45"
"609","640","100043","Mhow","Y","system","2017-02-14 16:50:43","system","2017-02-14 16:50:43"
"610","642","100043","Jaipur","Y","system","2017-02-14 16:51:14","system","2017-02-14 16:51:14"
"611","636","100043","Baroda","Y","system","2017-02-14 16:51:54","system","2017-02-14 16:51:54"
"612","636","100043","Bhuj","Y","system","2017-02-14 16:52:24","system","2017-02-14 16:52:24"
"613","641","100043","Nagpur","Y","system","2017-02-14 16:53:05","system","2017-02-14 16:53:05"
"614","643","100043","Guwahati","Y","system","2017-02-14 16:53:31","system","2017-02-14 16:53:31"
"615","638","100043","Panipat","Y","system","2017-02-14 16:54:00","system","2017-02-14 16:54:00"
"616","638","100043","Allahabad","Y","system","2017-02-14 16:54:50","system","2017-02-14 16:54:50"
"617","641","100043","Pune","Y","system","2017-02-14 16:55:36","system","2017-02-14 16:55:36"
"631","638","100043","Badaun","Y","system","2017-02-14 17:09:10","system","2017-02-14 17:09:10"
"632","640","100043","Sheopur Kalan","Y","system","2017-02-14 17:09:33","system","2017-02-14 17:09:33"
"646","638","100043","Agra","Y","system","2017-02-14 17:15:38","system","2017-02-14 17:15:38"
"647","345","100043","Calcutta","Y","system","2017-02-14 17:16:07","system","2017-02-14 17:16:07"
"648","336","100043","Nagar untari","Y","system","2017-02-14 17:17:10","system","2017-02-14 17:17:10"
"649","646","100043","Kurukshetra","Y","system","2017-02-14 17:20:38","system","2017-02-14 17:20:38"
"650","647","100043","Haridwar","Y","system","2017-02-14 17:21:47","system","2017-02-14 17:21:47"
"651","639","100043","Raxaul","Y","system","2017-02-14 17:22:21","system","2017-02-14 17:22:21"
"652","640","100043","Burhanpur","Y","system","2017-02-14 17:23:28","system","2017-02-14 17:23:28"
"653","648","100043","Hyderabad","Y","system","2017-02-14 17:24:01","system","2017-02-14 17:24:01"
"654","649","100043","Bhubaneswar","Y","system","2017-02-14 17:31:05","system","2017-02-14 17:31:05"
"655","637","100043","Nangal","Y","system","2017-02-14 17:32:10","system","2017-02-14 17:32:10"
"645","638","100043","Jhansi","Y","system","2017-02-14 17:15:19","system","2017-02-14 17:15:19"
"644","642","100043","Nawalgarh","Y","system","2017-02-14 17:14:54","system","2017-02-14 17:14:54"
"643","643","100043","Tezpur","Y","system","2017-02-14 17:14:26","system","2017-02-14 17:14:26"
"633","637","100043","Hoshiarpur","Y","system","2017-02-14 17:10:00","system","2017-02-14 17:10:00"
"634","646","100043","Panchkula","Y","system","2017-02-14 17:10:22","system","2017-02-14 17:10:22"
"635","642","100043","Bhilwara","Y","system","2017-02-14 17:10:52","system","2017-02-14 17:10:52"
"636","636","100043","Navsari","Y","system","2017-02-14 17:11:21","system","2017-02-14 17:11:21"
"637","637","100043","Sunam","Y","system","2017-02-14 17:11:47","system","2017-02-14 17:11:47"
"638","646","100043","Faridabad","Y","system","2017-02-14 17:12:16","system","2017-02-14 17:12:16"
"639","640","100043","vidisha","Y","system","2017-02-14 17:12:43","system","2017-02-14 17:12:43"
"640","646","100043","Hisar","Y","system","2017-02-14 17:13:12","system","2017-02-14 17:13:12"
"641","636","100043","Vadodara","Y","system","2017-02-14 17:13:35","system","2017-02-14 17:13:35"
"642","645","100043","Raipur","Y","system","2017-02-14 17:14:00","system","2017-02-14 17:14:00"
"656","638","100043","Sikandrabad","Y","system","2017-02-14 17:32:39","system","2017-02-14 17:32:39"
"759","648","100043","Visakhapatnam","Y","system","2017-02-15 10:57:47","system","2017-02-15 10:57:47"
"773","636","100043","Porbandar","Y","system","2017-02-15 11:07:12","system","2017-02-15 11:07:12"
"774","638","100043","Tundla","Y","system","2017-02-15 11:07:34","system","2017-02-15 11:07:34"
"775","641","100043","Osmanabad","Y","system","2017-02-15 11:07:57","system","2017-02-15 11:07:57"
"776","637","100043","Moga","Y","system","2017-02-15 11:09:14","system","2017-02-15 11:09:14"
"777","646","100043","Sonipat","Y","system","2017-02-15 11:09:40","system","2017-02-15 11:09:40"
"778","642","100043","Nagaur","Y","system","2017-02-15 11:10:05","system","2017-02-15 11:10:05"
"779","657","100043","Gulbarga","Y","system","2017-02-15 11:10:28","system","2017-02-15 11:10:28"
"780","657","100043","Ankola","Y","system","2017-02-15 11:10:52","system","2017-02-15 11:10:52"
"781","640","100043","Birsinghpur Pali","Y","system","2017-02-15 11:11:14","system","2017-02-15 11:11:14"
"782","657","100043","Belgaum","Y","system","2017-02-15 11:11:54","system","2017-02-15 11:11:54"
"772","638","100043","Deoria","Y","system","2017-02-15 11:06:44","system","2017-02-15 11:06:44"
"771","639","100043","Sagar","Y","system","2017-02-15 11:06:19","system","2017-02-15 11:06:19"
"770","639","100043","Siwan","Y","system","2017-02-15 11:05:49","system","2017-02-15 11:05:49"
"760","638","100043","Jalaun","Y","system","2017-02-15 10:58:08","system","2017-02-15 10:58:08"
"761","637","100043","Dasuya","Y","system","2017-02-15 10:59:50","system","2017-02-15 10:59:50"
"762","647","100043","Khatima","Y","system","2017-02-15 11:00:13","system","2017-02-15 11:00:13"
"763","648","100043","Palasa","Y","system","2017-02-15 11:00:37","system","2017-02-15 11:00:37"
"764","639","100043","Purnea","Y","system","2017-02-15 11:01:08","system","2017-02-15 11:01:08"
"765","642","100043","Alwar","Y","system","2017-02-15 11:01:34","system","2017-02-15 11:01:34"
"766","657","100043","Bangalore","Y","system","2017-02-15 11:02:17","system","2017-02-15 11:02:17"
"767","639","100043","Banka","Y","system","2017-02-15 11:03:44","system","2017-02-15 11:03:44"
"768","336","100043","Giridih","Y","system","2017-02-15 11:04:28","system","2017-02-15 11:04:28"
"769","648","100043","Anantapuramu","Y","system","2017-02-15 11:05:20","system","2017-02-15 11:05:20"
"783","336","100043","Gaya","Y","system","2017-02-15 11:12:33","system","2017-02-15 11:12:33"
"784","642","100043","Didwana","Y","system","2017-02-15 11:13:03","system","2017-02-15 11:13:03"
"798","636","100043","Nadiad","Y","system","2017-02-15 11:28:12","system","2017-02-15 11:28:12"
"799","643","100043","Meghalaya","Y","system","2017-02-15 11:28:51","system","2017-02-15 11:28:51"
"800","332","100043","Najafgarh","Y","system","2017-02-15 11:29:10","system","2017-02-15 11:29:10"
"801","638","100043","Balrampur","Y","system","2017-02-15 11:29:31","system","2017-02-15 11:29:31"
"802","641","100043","Wardha","Y","system","2017-02-15 11:29:56","system","2017-02-15 11:29:56"
"803","649","100043","Bhawanipatna","Y","system","2017-02-15 11:30:16","system","2017-02-15 11:30:16"
"804","640","100043","Rewa","Y","system","2017-02-15 11:31:28","system","2017-02-15 11:31:28"
"805","640","100043","Pipariya","Y","system","2017-02-15 11:32:00","system","2017-02-15 11:32:00"
"806","638","100043","Mirzapur","Y","system","2017-02-15 11:33:00","system","2017-02-15 11:33:00"
"807","649","100043","Baripada","Y","system","2017-02-15 11:34:20","system","2017-02-15 11:34:20"
"797","657","100043","Lakshmeshwar","Y","system","2017-02-15 11:26:27","system","2017-02-15 11:26:27"
"796","650","100043","Kannur","Y","system","2017-02-15 11:26:00","system","2017-02-15 11:26:00"
"795","652","100043","Shimla","Y","system","2017-02-15 11:25:14","system","2017-02-15 11:25:14"
"785","637","100043","Samrala","Y","system","2017-02-15 11:14:03","system","2017-02-15 11:14:03"
"786","637","100043","patiala","Y","system","2017-02-15 11:14:31","system","2017-02-15 11:14:31"
"787","641","100043","Palghar","Y","system","2017-02-15 11:14:56","system","2017-02-15 11:14:56"
"788","642","100043","Jodhpur","Y","system","2017-02-15 11:17:51","system","2017-02-15 11:17:51"
"789","639","100043","Ara","Y","system","2017-02-15 11:18:23","system","2017-02-15 11:18:23"
"790","647","100043","Rudrapur","Y","system","2017-02-15 11:18:45","system","2017-02-15 11:18:45"
"791","656","100043","Namchi","Y","system","2017-02-15 11:19:15","system","2017-02-15 11:19:15"
"792","640","100043","Dewas","Y","system","2017-02-15 11:19:36","system","2017-02-15 11:19:36"
"793","641","100043","Dhule","Y","system","2017-02-15 11:21:53","system","2017-02-15 11:21:53"
"794","638","100043","Gonda","Y","system","2017-02-15 11:24:50","system","2017-02-15 11:24:50"
"808","638","100043","Meerut","Y","system","2017-02-15 11:34:45","system","2017-02-15 11:34:45"
"708","336","100043","Bokaro Steel City","Y","system","2017-02-15 10:19:21","system","2017-02-15 10:19:21"
"722","638","100043","Bareilly","Y","system","2017-02-15 10:29:50","system","2017-02-15 10:29:50"
"723","655","100043","Karur","Y","system","2017-02-15 10:30:17","system","2017-02-15 10:30:17"
"724","639","100043","Begusarai","Y","system","2017-02-15 10:31:18","system","2017-02-15 10:31:18"
"725","641","100043","Panchgani","Y","system","2017-02-15 10:32:16","system","2017-02-15 10:32:16"
"726","642","100043","Bijainagar","Y","system","2017-02-15 10:33:21","system","2017-02-15 10:33:21"
"727","643","100043","Golaghat","Y","system","2017-02-15 10:33:48","system","2017-02-15 10:33:48"
"728","638","100043","Farrukhabad","Y","system","2017-02-15 10:34:42","system","2017-02-15 10:34:42"
"729","636","100043","Gandhinagar","Y","system","2017-02-15 10:35:10","system","2017-02-15 10:35:10"
"730","639","100043","Nawada","Y","system","2017-02-15 10:35:45","system","2017-02-15 10:35:45"
"731","638","100043","Rae Bareli","Y","system","2017-02-15 10:36:33","system","2017-02-15 10:36:33"
"721","648","100043","West Delhi","Y","system","2017-02-15 10:29:26","system","2017-02-15 10:29:26"
"720","658","100043","Agartala","Y","system","2017-02-15 10:28:59","system","2017-02-15 10:28:59"
"719","642","100043","Chittorgarh","Y","system","2017-02-15 10:28:30","system","2017-02-15 10:28:30"
"709","642","100043","Kota","Y","system","2017-02-15 10:19:57","system","2017-02-15 10:19:57"
"710","655","100043","Coimbatore","Y","system","2017-02-15 10:20:19","system","2017-02-15 10:20:19"
"711","642","100043","Sikar","Y","system","2017-02-15 10:21:19","system","2017-02-15 10:21:19"
"712","656","100043","Singtam","Y","system","2017-02-15 10:21:50","system","2017-02-15 10:21:50"
"713","646","100043","Gurgaon","Y","system","2017-02-15 10:22:16","system","2017-02-15 10:22:16"
"714","336","100043","Deoghar","Y","system","2017-02-15 10:24:24","system","2017-02-15 10:24:24"
"715","636","100043","Godhra","Y","system","2017-02-15 10:25:04","system","2017-02-15 10:25:04"
"716","641","100043","Kalyan","Y","system","2017-02-15 10:25:51","system","2017-02-15 10:25:51"
"717","345","100043","Kharagpur","Y","system","2017-02-15 10:27:11","system","2017-02-15 10:27:11"
"718","345","100043","kolkata","Y","system","2017-02-15 10:27:48","system","2017-02-15 10:27:48"
"732","657","100043","Davangere","Y","system","2017-02-15 10:37:00","system","2017-02-15 10:37:00"
"733","655","100043","Chennai","Y","system","2017-02-15 10:40:58","system","2017-02-15 10:40:58"
"747","637","100043","Sirhind","Y","system","2017-02-15 10:49:45","system","2017-02-15 10:49:45"
"748","649","100043","Rourkera","Y","system","2017-02-15 10:50:03","system","2017-02-15 10:50:03"
"749","642","100043","Ajmer","Y","system","2017-02-15 10:50:27","system","2017-02-15 10:50:27"
"750","639","100043","Bhagalpur","Y","system","2017-02-15 10:51:13","system","2017-02-15 10:51:13"
"751","648","100043","Piduguralla","Y","system","2017-02-15 10:51:56","system","2017-02-15 10:51:56"
"752","638","100043","Sultanpur","Y","system","2017-02-15 10:53:21","system","2017-02-15 10:53:21"
"753","649","100043","Berhampur","Y","system","2017-02-15 10:54:10","system","2017-02-15 10:54:10"
"754","336","100043","Chakradharpur","Y","system","2017-02-15 10:54:36","system","2017-02-15 10:54:36"
"755","637","100043","Malout","Y","system","2017-02-15 10:55:04","system","2017-02-15 10:55:04"
"756","641","100043","Borivali","Y","system","2017-02-15 10:55:26","system","2017-02-15 10:55:26"
"746","336","100043","Jamshedpur","Y","system","2017-02-15 10:49:18","system","2017-02-15 10:49:18"
"745","642","100043","Sardarshahar","Y","system","2017-02-15 10:48:55","system","2017-02-15 10:48:55"
"744","647","100043","Kotdwara","Y","system","2017-02-15 10:48:33","system","2017-02-15 10:48:33"
"734","636","100043","Ankleshwar","Y","system","2017-02-15 10:41:37","system","2017-02-15 10:41:37"
"735","642","100043","Sri Ganganagar","Y","system","2017-02-15 10:42:32","system","2017-02-15 10:42:32"
"736","642","100043","Dungarpur","Y","system","2017-02-15 10:43:08","system","2017-02-15 10:43:08"
"737","649","100043","CUTTACK","Y","system","2017-02-15 10:44:00","system","2017-02-15 10:44:00"
"738","345","100043","Siliguri","Y","system","2017-02-15 10:44:43","system","2017-02-15 10:44:43"
"739","639","100043","Sitamarhi","Y","system","2017-02-15 10:45:10","system","2017-02-15 10:45:10"
"740","336","100043","Ranchi","Y","system","2017-02-15 10:46:06","system","2017-02-15 10:46:06"
"741","336","100043","Hazaribagh","Y","system","2017-02-15 10:46:32","system","2017-02-15 10:46:32"
"742","646","100043","Rewari","Y","system","2017-02-15 10:46:55","system","2017-02-15 10:46:55"
"743","641","100043","Satara","Y","system","2017-02-15 10:47:19","system","2017-02-15 10:47:19"
"757","637","100043","Jalandhar","Y","system","2017-02-15 10:55:57","system","2017-02-15 10:55:57"
"606","638","100043","Bareli","Y","system","2017-02-14 16:45:19","system","2017-02-14 16:45:19"
"605","636","100043","Rajkot","Y","system","2017-02-14 16:44:34","system","2017-02-14 16:44:34"
"758","638","100043","Hardi","Y","system","2017-02-15 10:56:39","system","2017-02-15 10:56:39"
"592","585","100043","Khamman","Y","system","2017-02-09 14:15:52","system","2017-02-09 14:15:52"
"657","636","100043","Palitana","Y","system","2017-02-14 17:33:05","system","2017-02-14 17:33:05"
"594","636","100043","Bhavnagar","Y","system","2017-02-14 16:29:23","system","2017-02-14 16:29:23"
"595","332","100043","Delhi","Y","system","2017-02-14 16:31:17","system","2017-02-14 16:31:17"
"596","637","100043","Ludhiana","Y","system","2017-02-14 16:32:17","system","2017-02-14 16:32:17"
"597","334","100043","Chandigarh","Y","system","2017-02-14 16:34:07","system","2017-02-14 16:34:07"
"598","638","100043","Varanasi","Y","system","2017-02-14 16:35:28","system","2017-02-14 16:35:28"
"604","636","100043","Surat","Y","system","2017-02-14 16:43:55","system","2017-02-14 16:43:55"
"603","638","100043","Gorakhpur","Y","system","2017-02-14 16:43:09","system","2017-02-14 16:43:09"
"602","638","100043","Kanpur","Y","system","2017-02-14 16:42:25","system","2017-02-14 16:42:25"
"601","639","100043","Supaul","Y","system","2017-02-14 16:41:43","system","2017-02-14 16:41:43"
"600","336","100043","Jharkhand","Y","system","2017-02-14 16:40:59","system","2017-02-14 16:40:59"
"599","354","100043","Other","Y","system","2017-02-14 16:40:14","system","2017-02-14 16:40:14"
"1348","648","100043","Renigunta","Y","system","2017-07-09 14:28:58","system","2017-07-09 14:28:58"
"1340","650","100043","Kochi","Y","system","2017-07-05 14:05:42","system","2017-07-05 14:05:42"
"1341","655","100043","Valavanur","Y","system","2017-07-05 18:46:29","system","2017-07-05 18:46:29"
"1351","640","100043","Saja","Y","system","2017-07-10 07:45:19","system","2017-07-10 07:45:19"
"1350","650","100043","Kuruppampady","Y","system","2017-07-10 07:45:06","system","2017-07-10 07:45:06"
"1343","345","100043","Purulia","Y","system","2017-07-08 16:30:33","system","2017-07-08 16:30:33"
"1344","640","100043","Guna","Y","system","2017-07-09 14:27:59","system","2017-07-09 14:27:59"
"1347","657","100043","Belgavi","Y","system","2017-07-09 14:28:37","system","2017-07-09 14:28:37"
"1346","641","100043","Bhir","Y","system","2017-07-09 14:28:25","system","2017-07-09 14:28:25"
"1339","641","100043","Baramati","Y","system","2017-07-05 14:05:29","system","2017-07-05 14:05:29"
"1345","642","100043","Sumerpur","Y","system","2017-07-09 14:28:12","system","2017-07-09 14:28:12"
"1254","638","100043","Debai","Y","system","2017-06-26 18:04:27","system","2017-06-26 18:04:27"
"1349","655","100043","Vellore","Y","system","2017-07-10 07:44:47","system","2017-07-10 07:44:47"
"1255","653","100043","Anantnag","Y","system","2017-06-26 18:05:51","system","2017-06-26 18:05:51"
"1256","641","100043","Yawatmal","Y","system","2017-06-27 09:44:15","system","2017-06-27 09:44:15"
"2045","643","100043","Basugaon","Y","system","2017-08-28 10:39:17","system","2017-08-28 10:39:17"
"2044","645","100043","Bhilai","Y","system","2017-08-28 10:38:27","system","2017-08-28 10:38:27"
"1015","636","100043","Bardoli","Y","system","2017-04-01 13:14:31","system","2017-04-01 13:14:31"
"1000","641","100043","Kolhapur","Y","system","2017-03-14 13:56:04","system","2017-03-14 13:56:04"
"999","637","100043","ferozepur","Y","system","2017-03-14 13:23:23","system","2017-03-14 13:23:23"
"998","640","100043","Dhanpuri","Y","system","2017-03-14 13:08:58","system","2017-03-14 13:08:58"
"997","641","100043","Amravati","Y","system","2017-03-14 11:56:57","system","2017-03-14 11:56:57"
"996","636","100043","Limdi","Y","system","2017-03-14 11:40:57","system","2017-03-14 11:40:57"
"995","649","100043","Bargarh","Y","system","2017-03-14 11:23:02","system","2017-03-14 11:23:02"
"994","638","100043","Barauli","Y","system","2017-03-07 11:10:24","system","2017-03-07 11:10:24"
"993","731","100043","imphal","Y","system","2017-03-07 11:03:06","system","2017-03-07 11:03:06"
"992","636","100043","Gandhidham","Y","system","2017-03-07 10:52:48","system","2017-03-07 10:52:48"
"991","648","100043","kurnool","Y","system","2017-03-07 10:47:12","system","2017-03-07 10:47:12"
"990","641","100043","Panvel","Y","system","2017-03-06 18:34:48","system","2017-03-06 18:34:48"
"1001","649","100043","Jagatsinghpr","Y","system","2017-03-14 14:17:21","system","2017-03-14 14:17:21"
"1002","636","100043","Vyara","Y","system","2017-03-28 12:42:32","system","2017-03-28 12:42:32"
"1003","641","100043","Ulhasnagar","Y","system","2017-03-28 12:47:59","system","2017-03-28 12:47:59"
"1014","642","100043","Nathdwara","Y","system","2017-03-30 13:27:20","system","2017-03-30 13:27:20"
"1013","637","100043","zirakpur","Y","system","2017-03-30 12:15:13","system","2017-03-30 12:15:13"
"1012","637","100043","Mohali","Y","system","2017-03-30 11:52:41","system","2017-03-30 11:52:41"
"1011","642","100043","Tonk","Y","system","2017-03-30 11:47:33","system","2017-03-30 11:47:33"
"1010","642","100043","Anupgarh","Y","system","2017-03-30 11:37:32","system","2017-03-30 11:37:32"
"1009","642","100043","Khetri","Y","system","2017-03-28 14:34:24","system","2017-03-28 14:34:24"
"1008","638","100043","Dhampur","Y","system","2017-03-28 14:25:26","system","2017-03-28 14:25:26"
"1007","642","100043","Bikaner","Y","system","2017-03-28 14:16:35","system","2017-03-28 14:16:35"
"1006","636","100043","Valsad","Y","system","2017-03-28 13:45:34","system","2017-03-28 13:45:34"
"1005","642","100043","Dausa","Y","system","2017-03-28 13:27:56","system","2017-03-28 13:27:56"
"1004","732","100043","Tripoli","Y","system","2017-03-28 13:03:38","system","2017-03-28 13:03:38"
"989","660","100043","Ponda","Y","system","2017-03-06 18:25:06","system","2017-03-06 18:25:06"
"988","345","100043","Raniganj","Y","system","2017-03-06 18:02:26","system","2017-03-06 18:02:26"
"987","638","100043","Robertsganj","Y","system","2017-03-06 18:01:43","system","2017-03-06 18:01:43"
"971","657","100043","Hospet","Y","system","2017-02-27 18:43:57","system","2017-02-27 18:44:34"
"970","645","100043","Durg","Y","system","2017-02-27 18:37:36","system","2017-02-27 18:37:36"
"969","641","100043","Pandharpur","Y","system","2017-02-27 18:27:49","system","2017-02-27 18:27:49"
"968","636","100043","Morbi","Y","system","2017-02-27 18:17:03","system","2017-02-27 18:17:03"
"967","642","100043","suratgarh","Y","system","2017-02-27 18:01:00","system","2017-02-27 18:01:00"
"966","650","100043","calicut","Y","system","2017-02-27 17:46:13","system","2017-02-27 17:46:13"
"965","652","100043","Mandi","Y","system","2017-02-27 17:24:27","system","2017-02-27 17:24:27"
"964","647","100043","Nainital","Y","system","2017-02-27 17:18:16","system","2017-02-27 17:18:16"
"963","642","100043","chhotisadri","Y","system","2017-02-27 17:06:51","system","2017-02-27 17:07:59"
"962","649","100043","Angul","Y","system","2017-02-27 16:53:48","system","2017-02-27 16:53:48"
"961","646","100043","Rohtak","Y","system","2017-02-27 16:24:57","system","2017-02-27 16:24:57"
"973","640","100043","Sagar","Y","system","2017-03-03 11:39:40","system","2017-03-03 11:39:40"
"974","638","100043","Sadabad","Y","system","2017-03-06 11:30:32","system","2017-03-06 11:30:32"
"975","648","100043","Rajahmundry","Y","system","2017-03-06 13:44:39","system","2017-03-06 13:44:39"
"986","641","100043","Vasai","Y","system","2017-03-06 17:43:48","system","2017-03-06 17:43:48"
"985","655","100043","Villupuram","Y","system","2017-03-06 17:30:44","system","2017-03-06 17:30:44"
"984","655","100043","Madurai","Y","system","2017-03-06 16:43:02","system","2017-03-06 16:43:02"
"983","639","100043","Katihar","Y","system","2017-03-06 16:39:44","system","2017-03-06 16:39:44"
"982","660","100043","Along","Y","system","2017-03-06 16:27:25","system","2017-03-06 16:27:25"
"981","345","100043","Darjeeling","Y","system","2017-03-06 15:59:40","system","2017-03-06 15:59:40"
"980","657","100043","Bijapur","Y","system","2017-03-06 15:27:04","system","2017-03-06 15:27:04"
"979","638","100043","Baraut","Y","system","2017-03-06 15:01:18","system","2017-03-06 15:01:18"
"978","639","100043","Lakhisarai","Y","system","2017-03-06 14:13:35","system","2017-03-06 14:13:35"
"977","646","100043","Palwal","Y","system","2017-03-06 13:53:09","system","2017-03-06 13:53:09"
"976","646","100043","Taoru","Y","system","2017-03-06 13:48:56","system","2017-03-06 13:48:56"
"960","640","100043","Katni","Y","system","2017-02-27 16:24:31","system","2017-02-27 16:24:31"
"1135","641","100043","Bhayandar","Y","system","2017-05-08 14:05:54","system","2017-05-08 14:05:54"
"1157","646","100043","Bahadurgarh","Y","system","2017-05-29 10:23:27","system","2017-05-29 10:23:27"
"1158","637","100043","Phagwara","Y","system","2017-05-29 10:24:15","system","2017-05-29 10:24:15"
"1159","636","100043","Adipur","Y","system","2017-05-29 10:25:06","system","2017-05-29 10:25:06"
"1160","649","100043","Sambalpur","Y","system","2017-05-29 10:26:46","system","2017-05-29 10:26:46"
"1161","647","100043","Rishikesh","Y","system","2017-05-29 10:28:27","system","2017-05-29 10:28:27"
"1162","648","100043","Peddapuram","Y","system","2017-05-29 10:31:59","system","2017-05-29 10:31:59"
"1163","642","100043","Jhunjhunun","Y","system","2017-05-29 10:33:07","system","2017-05-29 10:33:07"
"1164","646","100043","narnaul","Y","system","2017-05-29 10:36:38","system","2017-05-29 10:36:38"
"1165","639","100043","Bihar","Y","system","2017-05-29 11:48:36","system","2017-05-29 11:48:36"
"1166","638","100043","Basti","Y","system","2017-06-02 17:07:03","system","2017-06-02 17:07:03"
"1167","641","100043","Kandivali","Y","system","2017-06-05 10:21:35","system","2017-06-05 10:21:35"
"1156","641","100043","bhiwandi","Y","system","2017-05-29 10:21:49","system","2017-05-29 10:21:49"
"1155","648","100043","Cuddapah","Y","system","2017-05-29 10:20:19","system","2017-05-29 10:20:19"
"1154","750","100043","Aizawl","Y","system","2017-05-29 10:18:56","system","2017-05-29 10:18:56"
"1134","636","100043","Bharuch","Y","system","2017-05-08 14:02:09","system","2017-05-08 14:02:09"
"1137","641","100043","Lonavla","Y","system","2017-05-10 10:22:09","system","2017-05-10 10:22:09"
"1142","655","100043","Ranipet","Y","system","2017-05-13 10:11:16","system","2017-05-13 10:11:16"
"1143","636","100043","Anand","Y","system","2017-05-13 10:16:25","system","2017-05-13 10:16:25"
"1144","657","100043","Hassan","Y","system","2017-05-15 10:58:47","system","2017-05-15 10:58:47"
"1145","655","100043","Hosur","Y","system","2017-05-15 10:59:40","system","2017-05-15 10:59:40"
"1146","641","100043","Ahmednagar","Y","system","2017-05-20 15:34:44","system","2017-05-20 15:34:44"
"1147","638","100043","Jaunpur","Y","system","2017-05-25 12:05:41","system","2017-05-25 12:05:41"
"1148","647","100043","Uttarkashi","Y","system","2017-05-26 10:28:47","system","2017-05-26 10:28:47"
"1149","637","100043","Nawanshahr","Y","system","2017-05-26 14:00:41","system","2017-05-26 14:00:41"
"1153","648","100043","Kakinada","Y","system","2017-05-29 10:16:21","system","2017-05-29 10:16:21"
"1168","638","100043","Bulandshahar","Y","system","2017-06-05 10:23:12","system","2017-06-05 10:23:12"
"1169","641","100043","Chinchwad","Y","system","2017-06-05 10:26:32","system","2017-06-05 10:26:32"
"1170","650","100043","Trivandrum","Y","system","2017-06-05 10:27:35","system","2017-06-05 10:27:35"
"1185","642","100043","Hanumangarh","Y","system","2017-06-12 10:28:42","system","2017-06-12 10:28:42"
"1136","636","100043","Jamnagar","Y","system","2017-05-08 15:28:59","system","2017-05-08 15:28:59"
"1041","638","100043","Dhundhi","Y","system","2017-04-13 09:55:31","system","2017-04-13 09:55:31"
"1232","345","100043","Ghatal","Y","system","2017-06-17 15:16:11","system","2017-06-17 15:16:11"
"1024","641","100043","Pimpri","Y","system","2017-04-08 10:46:06","system","2017-04-08 10:46:06"
"1023","641","100043","Thane","Y","system","2017-04-08 10:37:19","system","2017-04-08 10:37:19"
"1021","637","100043","Kapurthala","Y","system","2017-04-04 10:59:21","system","2017-04-04 10:59:21"
"1020","640","100043","Morena","Y","system","2017-04-04 10:46:57","system","2017-04-04 10:46:57"
"1019","645","100043","Jagadalpur","Y","system","2017-04-04 10:31:30","system","2017-04-04 10:31:30"
"1018","640","100043","Porsa","Y","system","2017-04-04 10:19:05","system","2017-04-04 10:19:05"
"1017","641","100043","Latur","Y","system","2017-04-01 13:42:53","system","2017-04-01 13:42:53"
"1184","648","100043","Kadapa","Y","system","2017-06-12 10:27:57","system","2017-06-12 10:27:57"
"1183","641","100043","Gondia","Y","system","2017-06-12 10:18:53","system","2017-06-12 10:18:53"
"1182","647","100043","Ramnagar","Y","system","2017-06-12 10:18:14","system","2017-06-12 10:18:14"
"1171","646","100043","Kanina","Y","system","2017-06-05 10:29:15","system","2017-06-05 10:29:15"
"1172","643","100043","Dibrugarh","Y","system","2017-06-05 10:31:17","system","2017-06-05 10:31:17"
"1173","638","100043","Khatauli","Y","system","2017-06-05 10:32:17","system","2017-06-05 10:32:17"
"1174","642","100043","Bhawanimandi-Jhalawar","Y","system","2017-06-05 10:34:07","system","2017-06-05 10:34:07"
"1175","642","100043","Bharatpur","Y","system","2017-06-05 10:38:26","system","2017-06-05 10:38:26"
"1176","649","100043","Harichandanpur","Y","system","2017-06-05 10:43:31","system","2017-06-05 10:43:31"
"1177","657","100043","Bagepalli","Y","system","2017-06-05 10:44:18","system","2017-06-05 10:44:18"
"1178","345","100043","Burdwan","Y","system","2017-06-11 09:06:00","system","2017-06-11 09:06:00"
"1179","345","100043","Chittaranjan","Y","system","2017-06-11 09:06:11","system","2017-06-11 09:06:11"
"1180","636","100043","Umargam","Y","system","2017-06-11 09:06:25","system","2017-06-11 09:06:25"
"1181","638","100043","Maunath Bhanjan","Y","system","2017-06-11 09:06:50","system","2017-06-11 09:06:50"
"1016","640","100043","Barwani","Y","system","2017-04-01 13:38:29","system","2017-04-01 13:38:29"
"959","639","100043","Madhepura","Y","system","2017-02-27 16:17:13","system","2017-02-27 16:17:13"
"863","649","100043","Kalahandi","Y","system","2017-02-15 12:16:47","system","2017-02-15 12:16:47"
"849","641","100043","Shrirampur","Y","system","2017-02-15 12:05:08","system","2017-02-15 12:05:08"
"848","642","100043","Kishangarh","Y","system","2017-02-15 12:04:45","system","2017-02-15 12:04:45"
"847","637","100043","Nabha","Y","system","2017-02-15 12:04:17","system","2017-02-15 12:04:17"
"846","652","100043","Hamirpur","Y","system","2017-02-15 12:03:33","system","2017-02-15 12:03:33"
"845","638","100043","Azamgarh","Y","system","2017-02-15 12:03:06","system","2017-02-15 12:03:06"
"844","642","100043","Behror","Y","system","2017-02-15 12:02:44","system","2017-02-15 12:02:44"
"843","640","100043","Satna","Y","system","2017-02-15 12:02:13","system","2017-02-15 12:02:13"
"842","655","100043","Tiruvannamalai","Y","system","2017-02-15 12:00:30","system","2017-02-15 12:00:30"
"841","660","100043","Verna","Y","system","2017-02-15 12:00:02","system","2017-02-15 12:00:02"
"840","648","100043","Kaviti","Y","system","2017-02-15 11:58:26","system","2017-02-15 11:58:26"
"839","640","100043","Nowgong","Y","system","2017-02-15 11:58:06","system","2017-02-15 11:58:06"
"850","646","100043","Fatehabad","Y","system","2017-02-15 12:08:08","system","2017-02-15 12:08:08"
"851","643","100043","Nagaon, Assam","Y","system","2017-02-15 12:08:51","system","2017-02-15 12:08:51"
"852","639","100043","Gaya","Y","system","2017-02-15 12:09:27","system","2017-02-15 12:09:27"
"862","491","100043","Pupri","Y","system","2017-02-15 12:16:25","system","2017-02-15 12:16:25"
"861","637","100043","Buttar","Y","system","2017-02-15 12:16:00","system","2017-02-15 12:16:00"
"860","642","100043","Dholpur","Y","system","2017-02-15 12:15:39","system","2017-02-15 12:15:39"
"859","637","100043","Ambala","Y","system","2017-02-15 12:15:16","system","2017-02-15 12:15:16"
"858","639","100043","Gopalganj","Y","system","2017-02-15 12:14:54","system","2017-02-15 12:14:54"
"857","638","100043","Orai","Y","system","2017-02-15 12:13:47","system","2017-02-15 12:13:47"
"856","638","100043","Gajraula","Y","system","2017-02-15 12:13:25","system","2017-02-15 12:13:25"
"855","648","100043","Guntur","Y","system","2017-02-15 12:10:35","system","2017-02-15 12:10:35"
"854","638","100043","Maharajganj","Y","system","2017-02-15 12:10:13","system","2017-02-15 12:10:13"
"826","637","100043","Amritsar","Y","system","2017-02-15 11:51:20","system","2017-02-15 11:51:20"
"853","642","100043","Malpura","Y","system","2017-02-15 12:09:54","system","2017-02-15 12:09:54"
"838","645","100043","Bilaspur","Y","system","2017-02-15 11:57:44","system","2017-02-15 11:57:44"
"837","653","100043","Sopore","Y","system","2017-02-15 11:57:17","system","2017-02-15 11:57:17"
"836","638","100043","Bharthana","Y","system","2017-02-15 11:56:57","system","2017-02-15 11:56:57"
"820","638","100043","Etawah","Y","system","2017-02-15 11:46:08","system","2017-02-15 11:46:08"
"819","642","100043","Kekri","Y","system","2017-02-15 11:45:41","system","2017-02-15 11:45:41"
"818","639","100043","Mohiuddin Nagar","Y","system","2017-02-15 11:44:56","system","2017-02-15 11:44:56"
"817","638","100043","Moradabad","Y","system","2017-02-15 11:43:51","system","2017-02-15 11:43:51"
"816","641","100043","Buldana","Y","system","2017-02-15 11:43:02","system","2017-02-15 11:43:02"
"815","638","100043","Lakhimpur","Y","system","2017-02-15 11:42:35","system","2017-02-15 11:42:35"
"814","653","100043","Baramulla","Y","system","2017-02-15 11:38:58","system","2017-02-15 11:38:58"
"813","641","100043","Nanded","Y","system","2017-02-15 11:38:24","system","2017-02-15 11:38:24"
"812","642","100043","Kuchaman","Y","system","2017-02-15 11:37:43","system","2017-02-15 11:37:43"
"811","637","100043","Mandi","Y","system","2017-02-15 11:36:59","system","2017-02-15 11:36:59"
"810","345","100043","Gorubathan","Y","system","2017-02-15 11:35:59","system","2017-02-15 11:35:59"
"821","646","100043","Jhajjar","Y","system","2017-02-15 11:46:29","system","2017-02-15 11:46:29"
"822","638","100043","Ballia","Y","system","2017-02-15 11:47:10","system","2017-02-15 11:47:10"
"823","345","100043","Malda","Y","system","2017-02-15 11:47:34","system","2017-02-15 11:47:34"
"835","646","100043","Mahendergarh","Y","system","2017-02-15 11:56:11","system","2017-02-15 11:56:11"
"834","639","100043","Motihari","Y","system","2017-02-15 11:55:14","system","2017-02-15 11:55:14"
"833","637","100043","Samana","Y","system","2017-02-15 11:54:52","system","2017-02-15 11:54:52"
"832","642","100043","Barmer","Y","system","2017-02-15 11:54:29","system","2017-02-15 11:54:29"
"831","647","100043","Haldwani","Y","system","2017-02-15 11:53:59","system","2017-02-15 11:53:59"
"830","649","100043","Bonaigarh","Y","system","2017-02-15 11:53:36","system","2017-02-15 11:53:36"
"829","652","100043","Bhuntar","Y","system","2017-02-15 11:52:51","system","2017-02-15 11:52:51"
"828","639","100043","Samastipur","Y","system","2017-02-15 11:52:05","system","2017-02-15 11:52:05"
"827","652","100043","Kangra","Y","system","2017-02-15 11:51:42","system","2017-02-15 11:51:42"
"825","391","100043","Telangana","Y","system","2017-02-15 11:50:45","system","2017-02-15 11:50:45"
"824","640","100043","Sehore","Y","system","2017-02-15 11:50:02","system","2017-02-15 11:50:02"
"809","643","100043","Jorhat","Y","system","2017-02-15 11:35:24","system","2017-02-15 11:35:24"
"864","334","100043","Bilaspur","Y","system","2017-02-15 12:17:20","system","2017-02-15 12:17:20"
"877","645","100043","Raj Nandgaon","Y","system","2017-02-15 12:26:47","system","2017-02-15 12:26:47"
"932","646","100043","cheeka","Y","system","2017-02-20 17:38:12","system","2017-02-20 17:38:12"
"933","640","100043","Betul","Y","system","2017-02-20 17:41:32","system","2017-02-20 17:41:32"
"934","638","100043","Mirzapur-cum-Vindhyachal","Y","system","2017-02-20 17:49:07","system","2017-02-20 17:49:07"
"936","637","100043","fatehgarh churian","Y","system","2017-02-20 17:50:03","system","2017-02-20 17:50:03"
"937","345","100043","Gangarampur","Y","system","2017-02-20 17:50:34","system","2017-02-20 17:50:34"
"938","640","100043","Maihar","Y","system","2017-02-20 17:51:16","system","2017-02-20 17:51:16"
"939","638","100043","Mughalsarai","Y","system","2017-02-20 17:51:44","system","2017-02-20 17:51:44"
"940","636","100043","Junagadh","Y","system","2017-02-20 17:52:32","system","2017-02-20 17:52:32"
"941","657","100043","Bangalore and Dharwad","Y","system","2017-02-20 17:52:51","system","2017-02-20 17:52:51"
"942","648","100043","Vijayavada","Y","system","2017-02-20 17:53:21","system","2017-02-20 17:53:21"
"935","641","100043","Chakan","Y","system","2017-02-20 17:49:37","system","2017-02-20 17:49:37"
"875","646","100043","Hissar","Y","system","2017-02-15 12:26:00","system","2017-02-15 12:26:00"
"943","638","100043","Kasganj","Y","system","2017-02-20 17:53:41","system","2017-02-20 17:53:41"
"880","655","100043","Tiruchirappalli","Y","system","2017-02-15 12:28:24","system","2017-02-15 12:28:24"
"891","646","100043","Panipat","Y","system","2017-02-16 16:00:22","system","2017-02-16 16:00:22"
"878","649","100043","Rayagada","Y","system","2017-02-15 12:27:05","system","2017-02-15 12:27:05"
"879","638","100043","Firozabad","Y","system","2017-02-15 12:27:28","system","2017-02-15 12:27:28"
"881","639","100043","Madhubani","Y","system","2017-02-15 12:28:56","system","2017-02-15 12:28:56"
"882","642","100043","Takhatgarh","Y","system","2017-02-15 12:29:19","system","2017-02-15 12:29:19"
"883","645","100043","Korba","Y","system","2017-02-15 12:29:58","system","2017-02-15 12:29:58"
"884","642","100043","Udaipur","Y","system","2017-02-15 18:01:38","system","2017-02-15 18:01:38"
"885","641","100043","Akola","Y","system","2017-02-15 18:02:49","system","2017-02-15 18:02:49"
"886","636","100043","Ahmedabad","Y","system","2017-02-16 15:28:41","system","2017-02-16 15:28:41"
"887","641","100043","Virar","Y","system","2017-02-16 15:32:00","system","2017-02-16 15:32:00"
"888","641","100043","Pusad","Y","system","2017-02-16 15:32:28","system","2017-02-16 15:32:28"
"889","636","100043","Anjar","Y","system","2017-02-16 15:32:58","system","2017-02-16 15:32:58"
"876","649","100043","Keonjhar","Y","system","2017-02-15 12:26:21","system","2017-02-15 12:26:21"
"890","638","100043","Muzaffarnagar","Y","system","2017-02-16 15:33:56","system","2017-02-16 15:33:56"
"944","648","100043","Vijayawada Amravati","Y","system","2017-02-20 17:55:17","system","2017-02-20 17:55:17"
"945","728","100043","Nagar","Y","system","2017-02-20 17:58:18","system","2017-02-20 17:58:18"
"953","641","100043","Bhandara","Y","system","2017-02-20 18:48:22","system","2017-02-20 18:48:22"
"954","639","100043","Chhapra","Y","system","2017-02-20 19:37:35","system","2017-02-20 19:37:35"
"955","638","100043","Dehradoon","Y","system","2017-02-25 10:31:25","system","2017-02-25 10:31:25"
"866","642","100043","Nokha","Y","system","2017-02-15 12:18:30","system","2017-02-15 12:18:30"
"956","642","100043","Deoli","Y","system","2017-02-27 11:35:10","system","2017-02-27 11:35:10"
"957","651","100043","sirohi","Y","system","2017-02-27 12:09:43","system","2017-02-27 12:09:43"
"958","345","100043","Asansol","Y","system","2017-02-27 15:50:41","system","2017-02-27 15:50:41"
"872","642","100043","Raisinghnagar","Y","system","2017-02-15 12:24:55","system","2017-02-15 12:24:55"
"871","640","100043","Chhindwara","Y","system","2017-02-15 12:24:35","system","2017-02-15 12:24:35"
"867","638","100043","Faizabad","Y","system","2017-02-15 12:21:20","system","2017-02-15 12:21:20"
"870","336","100043","Chaibasa","Y","system","2017-02-15 12:23:50","system","2017-02-15 12:23:50"
"869","643","100043","Kokrajhar","Y","system","2017-02-15 12:22:38","system","2017-02-15 12:22:38"
"952","638","100043","Bhadohi","Y","system","2017-02-20 18:08:44","system","2017-02-20 18:08:44"
"951","345","100043","Murshidabad","Y","system","2017-02-20 18:05:57","system","2017-02-20 18:05:57"
"946","345","100043","Durgapur","Y","system","2017-02-20 17:59:14","system","2017-02-20 17:59:14"
"947","729","100043","jowai,Jaintia Hills,Meghalaya","Y","system","2017-02-20 18:02:54","system","2017-02-20 18:02:54"
"874","637","100043","Kot Kapura","Y","system","2017-02-15 12:25:40","system","2017-02-15 12:25:40"
"873","640","100043","Neemuch","Y","system","2017-02-15 12:25:18","system","2017-02-15 12:25:18"
"868","659","100043","Chandigarh","Y","system","2017-02-15 12:22:14","system","2017-02-15 12:22:14"
"948","641","100043","Ratnagiri","Y","system","2017-02-20 18:03:37","system","2017-02-20 18:03:37"
"949","653","100043","Budgam","Y","system","2017-02-20 18:03:57","system","2017-02-20 18:03:57"
"865","640","100043","Hoshangabad","Y","system","2017-02-15 12:18:09","system","2017-02-15 12:18:09"
"950","649","100043","Rourkela","Y","system","2017-02-20 18:04:15","system","2017-02-20 18:04:15"
"2395","641","100043","Kausa","Y","system","2017-11-03 17:41:49","system","2017-11-03 17:41:49"
"2434","655","100043","Salem","Y","system","2017-12-26 10:24:11","system","2017-12-26 10:24:11"
"2413","639","100043","DalSinghSarai","Y","system","2017-11-15 12:34:11","system","2017-11-15 12:34:11"
"2412","648","100043","Nandyal","Y","system","2017-11-15 12:32:29","system","2017-11-15 12:32:29"
"2409","585","100043","HYDERABAD","Y","system","2017-11-07 11:52:56","system","2017-11-07 11:52:56"
"2408","642","100043","NEEMKATHANA","Y","system","2017-11-07 11:25:06","system","2017-11-07 11:25:06"
"2407","636","100043","Kutch","Y","system","2017-11-07 11:23:35","system","2017-11-07 11:23:35"
"2406","649","100043","Raigarh","Y","system","2017-11-07 11:23:03","system","2017-11-07 11:23:03"
"2405","641","100043","WAI","Y","system","2017-11-07 11:22:23","system","2017-11-07 11:22:23"
"2404","641","100043","Dombivli","Y","system","2017-11-07 11:21:04","system","2017-11-07 11:21:04"
"2403","636","100043","Umbergaon","Y","system","2017-11-07 11:20:31","system","2017-11-07 11:20:31"
"2402","641","100043","Valsad","Y","system","2017-11-07 11:18:45","system","2017-11-07 11:18:45"
"2401","641","100043","Raigarh","Y","system","2017-11-07 11:16:56","system","2017-11-07 11:16:56"
"2400","655","100043","Kanchipuram","Y","system","2017-11-07 11:16:23","system","2017-11-07 11:16:23"
"2399","766","100043","Bansur","Y","system","2017-11-06 10:47:19","system","2017-11-06 10:47:19"
"2398","731","100043","Thoubal","Y","system","2017-11-06 10:44:29","system","2017-11-06 10:44:29"
"2397","641","100043","Malegaon","Y","system","2017-11-06 10:43:14","system","2017-11-06 10:43:14"
"2396","637","100043","Chandigarh","Y","system","2017-11-03 18:12:58","system","2017-11-03 18:12:58"
"2435","345","100043","Begampur","Y","system","2017-12-26 10:26:22","system","2017-12-26 10:26:22"
"2436","640","100043","Babai M.P.","Y","system","2017-12-26 10:27:09","system","2017-12-26 10:27:09"
"2447","642","100043","jhunjhunu  upw","Y","system","2017-12-26 18:16:39","system","2017-12-26 18:16:39"
"2448","640","100043","umaria","Y","system","2017-12-26 18:17:29","system","2017-12-26 18:17:29"
"2449","638","100043","roorkee","Y","system","2017-12-26 18:18:08","system","2017-12-26 18:18:08"
"2450","637","100043","Amloh","Y","system","2017-12-28 10:28:20","system","2017-12-28 10:28:20"
"2451","655","100043","Trichy","Y","system","2017-12-29 10:43:49","system","2017-12-29 10:43:49"
"2452","657","100043","Mangalore","Y","system","2017-12-29 10:51:33","system","2017-12-29 10:51:33"
"2453","657","100043","Mysore","Y","system","2017-12-29 11:29:58","system","2017-12-29 11:29:58"
"2456","641","100043","Nallasopara","Y","system","2018-01-02 15:42:20","system","2018-01-02 15:42:20"
"2446","345","100043","nadia","Y","system","2017-12-26 17:25:40","system","2017-12-26 17:25:40"
"2445","345","100043","Uluberia","Y","system","2017-12-26 11:12:03","system","2017-12-26 11:12:03"
"2437","657","100043","Belur","Y","system","2017-12-26 10:27:45","system","2017-12-26 10:27:45"
"2438","639","100043","thakurganj kishanganj bihar","Y","system","2017-12-26 10:28:56","system","2017-12-26 10:28:56"
"2439","645","100043","Baikunthpur","Y","system","2017-12-26 11:03:09","system","2017-12-26 11:03:09"
"2440","640","100043","sironj","Y","system","2017-12-26 11:04:05","system","2017-12-26 11:04:05"
"2441","641","100043","Sangli","Y","system","2017-12-26 11:08:13","system","2017-12-26 11:08:13"
"2442","641","100043","Ichalkaranji","Y","system","2017-12-26 11:08:43","system","2017-12-26 11:08:43"
"2443","729","100043","Shillong","Y","system","2017-12-26 11:09:38","system","2017-12-26 11:09:38"
"2444","643","100043","tinsukhia","Y","system","2017-12-26 11:10:44","system","2017-12-26 11:10:44"
"2742","639","100043","Araria","Y","system","2018-04-16 12:42:48","system","2018-04-16 12:42:48"
"2721","649","100043","Balangir","Y","system","2018-04-16 11:40:10","system","2018-04-16 11:40:10"
"2720","657","100043","Hubli","Y","system","2018-04-16 11:38:29","system","2018-04-16 11:38:29"
"2719","638","100043","Hasanpur","Y","system","2018-04-16 09:45:39","system","2018-04-16 09:45:39"
"2718","645","100043","Dhamtari","Y","system","2018-04-11 11:02:24","system","2018-04-11 11:02:24"
"2717","641","100043","Savantvadi","Y","system","2018-04-10 09:41:34","system","2018-04-10 09:41:34"
"2716","638","100043","Hapur","Y","system","2018-04-09 10:49:26","system","2018-04-09 10:49:26"
"2715","649","100043","Patnagarh","Y","system","2018-04-09 10:48:24","system","2018-04-09 10:48:24"
"2714","640","100043","Jaora","Y","system","2018-04-09 10:46:21","system","2018-04-09 10:46:21"
"2713","650","100043","Angamaly","Y","system","2018-04-09 10:45:46","system","2018-04-09 10:45:46"
"2712","653","100043","Hiranagar","Y","system","2018-04-09 10:44:34","system","2018-04-09 10:44:34"
"2711","640","100043","SAUSAR","Y","system","2018-04-09 10:43:43","system","2018-04-09 10:43:43"
"2710","641","100043","Nerul","Y","system","2018-04-09 10:34:21","system","2018-04-09 10:34:21"
"2709","585","100043","New Paloncha (Khammam Dist)","Y","system","2018-04-09 10:33:35","system","2018-04-09 10:33:35"
"2708","642","100043","Gujarat","Y","system","2018-04-06 10:09:18","system","2018-04-06 10:09:18"
"2707","638","100043","Bishungarh","Y","system","2018-04-06 09:45:27","system","2018-04-06 09:45:27"
"2706","641","100043","Rajura","Y","system","2018-04-06 09:44:51","system","2018-04-06 09:44:51"
"2686","640","100043","Shivpuri","Y","system","2018-03-19 09:38:09","system","2018-03-19 09:38:09"
"2722","636","100043","Veraval","Y","system","2018-04-16 12:22:57","system","2018-04-16 12:22:57"
"2723","638","100043","Dibai","Y","system","2018-04-16 12:23:33","system","2018-04-16 12:23:33"
"2724","640","100043","Bina","Y","system","2018-04-16 12:25:01","system","2018-04-16 12:25:01"
"2741","345","100043","Adra, Purulia","Y","system","2018-04-16 12:42:01","system","2018-04-16 12:42:01"
"2740","639","100043","Rohtas","Y","system","2018-04-16 12:41:26","system","2018-04-16 12:41:26"
"2739","636","100043","Limkheda","Y","system","2018-04-16 12:40:51","system","2018-04-16 12:40:51"
"2738","641","100043","Beed","Y","system","2018-04-16 12:39:02","system","2018-04-16 12:39:02"
"2737","642","100043","Bari","Y","system","2018-04-16 12:38:37","system","2018-04-16 12:38:37"
"2736","641","100043","Kopargaon","Y","system","2018-04-16 12:38:01","system","2018-04-16 12:38:01"
"2735","653","100043","Kulgam","Y","system","2018-04-16 12:37:31","system","2018-04-16 12:37:31"
"2734","638","100043","Sonebhadra chopan","Y","system","2018-04-16 12:36:47","system","2018-04-16 12:36:47"
"2733","657","100043","Harihar","Y","system","2018-04-16 12:36:07","system","2018-04-16 12:36:07"
"2732","336","100043","Pakur","Y","system","2018-04-16 12:35:26","system","2018-04-16 12:35:26"
"2731","652","100043","Kullu","Y","system","2018-04-16 12:34:41","system","2018-04-16 12:34:41"
"2730","652","100043","Una","Y","system","2018-04-16 12:33:26","system","2018-04-16 12:33:26"
"2729","657","100043","Subrahmanya","Y","system","2018-04-16 12:32:37","system","2018-04-16 12:32:37"
"2728","650","100043","Taliparamba","Y","system","2018-04-16 12:32:04","system","2018-04-16 12:32:04"
"2727","638","100043","Bilari","Y","system","2018-04-16 12:28:13","system","2018-04-16 12:28:13"
"2726","649","100043","Keonjhargarh","Y","system","2018-04-16 12:27:21","system","2018-04-16 12:27:21"
"2725","636","100043","Khedbrama","Y","system","2018-04-16 12:26:10","system","2018-04-16 12:26:10"
"2685","638","100043","Fatehpur","Y","system","2018-03-19 09:37:29","system","2018-03-19 09:37:29"
"2684","638","100043","Jhinjhak","Y","system","2018-03-19 09:36:27","system","2018-03-19 09:36:27"
"2651","641","100043","Solapur","Y","system","2018-02-28 17:31:39","system","2018-02-28 17:31:39"
"2650","641","100043","Vashi","Y","system","2018-02-28 16:35:27","system","2018-02-28 16:35:27"
"2649","641","100043","WASHIM","Y","system","2018-02-28 16:32:29","system","2018-02-28 16:32:29"
"2648","830","100043","SILVASSA","Y","system","2018-02-28 16:03:40","system","2018-02-28 16:03:40"
"2647","653","100043","Handwara","Y","system","2018-02-28 10:18:30","system","2018-02-28 10:18:30"
"2646","641","100043","Hamidwada","Y","system","2018-02-28 10:15:28","system","2018-02-28 10:15:28"
"2645","653","100043","Pahalgam","Y","system","2018-02-28 10:14:25","system","2018-02-28 10:14:25"
"2632","637","100043","Jaito","Y","system","2018-02-12 12:17:31","system","2018-02-12 12:17:31"
"2631","641","100043","Yeola","Y","system","2018-02-12 12:17:01","system","2018-02-12 12:17:01"
"2630","637","100043","fazilka","Y","system","2018-02-12 11:28:09","system","2018-02-12 11:28:09"
"2629","657","100043","Krishnarajpet","Y","system","2018-02-12 11:24:44","system","2018-02-12 11:24:44"
"2626","657","100043","Bellary","Y","system","2018-02-09 10:30:41","system","2018-02-09 10:30:41"
"2625","656","100043","Gangtok","Y","system","2018-02-09 09:52:34","system","2018-02-09 09:52:34"
"2624","637","100043","Pathankot","Y","system","2018-02-09 09:50:53","system","2018-02-09 09:50:53"
"2623","640","100043","Bhind","Y","system","2018-02-09 09:49:34","system","2018-02-09 09:49:34"
"2622","645","100043","Rajnandgaon","Y","system","2018-02-09 09:49:01","system","2018-02-09 09:49:01"
"2620","332","100043","Sagarpur","Y","system","2018-02-05 12:36:19","system","2018-02-05 12:36:19"
"2652","648","100043","KADIRI","Y","system","2018-03-01 10:51:06","system","2018-03-01 10:51:06"
"2653","345","100043","Dalkhola","Y","system","2018-03-01 10:59:26","system","2018-03-01 10:59:26"
"2654","657","100043","Athani","Y","system","2018-03-01 11:00:09","system","2018-03-01 11:00:09"
"2683","648","100043","Vijayawada","Y","system","2018-03-19 09:35:10","system","2018-03-19 09:35:10"
"2682","638","100043","Pratapgarh","Y","system","2018-03-19 09:33:45","system","2018-03-19 09:33:45"
"2674","642","100043","Shrimadhopur","Y","system","2018-03-12 09:53:01","system","2018-03-12 09:53:01"
"2673","657","100043","Koppal","Y","system","2018-03-12 09:51:56","system","2018-03-12 09:51:56"
"2672","653","100043","Rajouri","Y","system","2018-03-12 09:50:27","system","2018-03-12 09:50:27"
"2671","646","100043","Bhiwani","Y","system","2018-03-12 09:49:07","system","2018-03-12 09:49:07"
"2670","648","100043","Vinjamur b.","Y","system","2018-03-12 09:48:11","system","2018-03-12 09:48:11"
"2669","638","100043","Mehdawal","Y","system","2018-03-12 09:44:38","system","2018-03-12 09:44:38"
"2668","636","100043","Modasa","Y","system","2018-03-12 09:43:12","system","2018-03-12 09:43:12"
"2662","642","100043","Rajsamand","Y","system","2018-03-05 12:52:52","system","2018-03-05 12:52:52"
"2661","636","100043","Mundra Kutch","Y","system","2018-03-05 09:59:59","system","2018-03-05 09:59:59"
"2660","646","100043","Ganur","Y","system","2018-03-05 09:58:00","system","2018-03-05 09:58:00"
"2659","640","100043","Singrauli","Y","system","2018-03-05 09:56:08","system","2018-03-05 09:56:08"
"2658","638","100043","Barabanki","Y","system","2018-03-05 09:54:35","system","2018-03-05 09:54:35"
"2657","646","100043","Sirsa","Y","system","2018-03-05 09:52:37","system","2018-03-05 09:52:37"
"2656","652","100043","Chowari","Y","system","2018-03-05 09:51:11","system","2018-03-05 09:51:11"
"2655","650","100043","Malappuram","Y","system","2018-03-05 09:48:15","system","2018-03-05 09:48:15"
"2619","332","100043","Lagpat Nagar- 4","Y","system","2018-02-05 12:32:30","system","2018-02-05 12:32:30"
"2851","641","100043","Telhara","Y","system","2018-07-03 10:58:59","system","2018-07-03 10:58:59"
"2830","641","100043","Khamgaon","Y","system","2018-06-18 10:12:31","system","2018-06-18 10:12:31"
"2829","638","100043","Mainpuri","Y","system","2018-06-18 10:11:41","system","2018-06-18 10:11:41"
"2828","655","100043","Pollachi","Y","system","2018-06-18 10:06:50","system","2018-06-18 10:06:50"
"2827","641","100043","Shegaon","Y","system","2018-06-18 10:04:59","system","2018-06-18 10:04:59"
"2826","646","100043","Punhana","Y","system","2018-06-18 10:04:21","system","2018-06-18 10:04:21"
"2825","638","100043","Shikohabad","Y","system","2018-06-18 10:02:08","system","2018-06-18 10:02:08"
"2824","641","100043","Byculla","Y","system","2018-06-14 12:12:20","system","2018-06-14 12:12:20"
"2823","650","100043","Kozhikode","Y","system","2018-06-14 12:10:57","system","2018-06-14 12:10:57"
"2822","345","100043","Raiganj","Y","system","2018-06-13 11:48:53","system","2018-06-13 11:48:53"
"2821","638","100043","Maunath Bhanajan","Y","system","2018-06-04 11:22:09","system","2018-06-04 11:22:09"
"2817","645","100043","GANDAI PANDARIYA","Y","system","2018-06-01 10:53:08","system","2018-06-01 10:53:08"
"2816","638","100043","Afzalgarh","Y","system","2018-06-01 10:52:09","system","2018-06-01 10:52:09"
"2815","641","100043","Tarapur","Y","system","2018-05-31 11:17:52","system","2018-05-31 11:17:52"
"2814","640","100043","Mandsaur","Y","system","2018-05-31 11:16:15","system","2018-05-31 11:16:15"
"2813","336","100043","Koderma","Y","system","2018-05-31 11:14:37","system","2018-05-31 11:14:37"
"2812","637","100043","Malerkotla","Y","system","2018-05-31 11:12:49","system","2018-05-31 11:12:49"
"2802","655","100043","PARAMAKUDI","Y","system","2018-05-21 11:04:57","system","2018-05-21 11:04:57"
"2831","650","100043","new mahe","Y","system","2018-06-26 11:32:12","system","2018-06-26 11:32:12"
"2832","585","100043","centenary colony","Y","system","2018-06-26 11:49:49","system","2018-06-26 11:49:49"
"2833","638","100043","Meerut City","Y","system","2018-06-26 11:52:13","system","2018-06-26 11:52:13"
"2850","642","100043","Jodhpur City","Y","system","2018-07-03 10:41:14","system","2018-07-03 10:41:14"
"2849","657","100043","Bailhongal","Y","system","2018-07-03 10:40:29","system","2018-07-03 10:40:29"
"2848","652","100043","Dalhousie","Y","system","2018-07-03 10:34:10","system","2018-07-03 10:34:10"
"2847","649","100043","talcher","Y","system","2018-07-03 10:19:41","system","2018-07-03 10:19:41"
"2846","641","100043","Jaola","Y","system","2018-07-02 15:36:41","system","2018-07-02 15:36:41"
"2845","652","100043","Dharmshala (Dharamshala)","Y","system","2018-07-02 15:35:54","system","2018-07-02 15:35:54"
"2844","636","100043","Fort Songadh","Y","system","2018-07-02 14:44:56","system","2018-07-02 14:44:56"
"2843","641","100043","Jath","Y","system","2018-07-02 14:43:50","system","2018-07-02 14:43:50"
"2842","653","100043","Pampur","Y","system","2018-07-02 13:08:04","system","2018-07-02 13:08:04"
"2841","638","100043","Vrindavan","Y","system","2018-07-02 12:08:14","system","2018-07-02 12:08:14"
"2840","642","100043","Chittaurgarh","Y","system","2018-07-02 12:06:25","system","2018-07-02 12:06:25"
"2839","655","100043","Chengalpattu","Y","system","2018-07-02 12:04:41","system","2018-07-02 12:04:41"
"2838","641","100043","Chaus","Y","system","2018-07-02 12:03:27","system","2018-07-02 12:03:27"
"2837","641","100043","Bhutkar","Y","system","2018-07-02 11:59:12","system","2018-07-02 11:59:12"
"2836","345","100043","Midnapore","Y","system","2018-06-26 12:38:21","system","2018-06-26 12:38:21"
"2835","636","100043","Keshod","Y","system","2018-06-26 12:14:57","system","2018-06-26 12:14:57"
"2834","640","100043","Shahdol","Y","system","2018-06-26 12:13:08","system","2018-06-26 12:13:08"
"2800","647","100043","Sitarganj","Y","system","2018-05-14 13:01:09","system","2018-05-14 13:01:09"
"2799","648","100043","Tadepallegudem","Y","system","2018-05-14 12:40:45","system","2018-05-14 12:40:45"
"2761","636","100043","Cambay","Y","system","2018-04-30 14:55:16","system","2018-04-30 14:55:16"
"2760","638","100043","Musafirkhana","Y","system","2018-04-30 14:54:25","system","2018-04-30 14:54:25"
"2759","641","100043","Bhadgaon","Y","system","2018-04-30 14:53:57","system","2018-04-30 14:53:57"
"2758","857","100043","Bhalukpong","Y","system","2018-04-30 14:51:44","system","2018-04-30 14:51:44"
"2757","636","100043","Khambhat","Y","system","2018-04-30 14:50:01","system","2018-04-30 14:50:01"
"2756","653","100043","Shopian","Y","system","2018-04-30 14:47:54","system","2018-04-30 14:47:54"
"2755","640","100043","Piploda","Y","system","2018-04-30 14:46:42","system","2018-04-30 14:46:42"
"2754","585","100043","Zaheerabad","Y","system","2018-04-28 12:18:52","system","2018-04-28 12:18:52"
"2753","655","100043","Erode","Y","system","2018-04-28 12:18:18","system","2018-04-28 12:18:18"
"2752","641","100043","Pachora","Y","system","2018-04-23 11:31:24","system","2018-04-23 11:31:24"
"2751","636","100043","Balasinor","Y","system","2018-04-23 11:30:32","system","2018-04-23 11:30:32"
"2749","648","100043","Eluru","Y","system","2018-04-20 16:07:45","system","2018-04-20 16:07:45"
"2748","637","100043","Chika","Y","system","2018-04-16 12:47:22","system","2018-04-16 12:47:22"
"2747","641","100043","Belapur","Y","system","2018-04-16 12:46:40","system","2018-04-16 12:46:40"
"2746","640","100043","Petlawad","Y","system","2018-04-16 12:45:53","system","2018-04-16 12:45:53"
"2745","640","100043","Panth Piplia","Y","system","2018-04-16 12:45:06","system","2018-04-16 12:45:06"
"2744","642","100043","Rawatsar","Y","system","2018-04-16 12:44:27","system","2018-04-16 12:44:27"
"2762","639","100043","Buxar","Y","system","2018-04-30 14:56:11","system","2018-04-30 14:56:11"
"2763","731","100043","Kakching","Y","system","2018-04-30 14:58:06","system","2018-04-30 14:58:06"
"2764","649","100043","Binka","Y","system","2018-04-30 15:10:59","system","2018-04-30 15:10:59"
"2798","641","100043","pimpalkhunte","Y","system","2018-05-14 12:39:46","system","2018-05-14 12:39:46"
"2797","642","100043","Baran","Y","system","2018-05-14 12:39:01","system","2018-05-14 12:39:01"
"2796","585","100043","Adilabad","Y","system","2018-05-14 12:38:20","system","2018-05-14 12:38:20"
"2795","345","100043","Howrah Salkia","Y","system","2018-05-14 12:37:48","system","2018-05-14 12:37:48"
"2781","638","100043","Rampur","Y","system","2018-05-08 12:50:23","system","2018-05-08 12:50:23"
"2780","642","100043","Meghraj","Y","system","2018-05-08 12:41:06","system","2018-05-08 12:41:06"
"2779","639","100043","Purnia","Y","system","2018-05-08 12:40:03","system","2018-05-08 12:40:03"
"2778","655","100043","Dindigul","Y","system","2018-05-08 12:39:29","system","2018-05-08 12:39:29"
"2777","636","100043","Himatnagar","Y","system","2018-05-08 12:38:58","system","2018-05-08 12:38:58"
"2776","637","100043","Faridkot","Y","system","2018-05-08 12:37:51","system","2018-05-08 12:37:51"
"2775","641","100043","Nilanga","Y","system","2018-05-08 12:36:58","system","2018-05-08 12:36:58"
"2770","648","100043","Gooty","Y","system","2018-05-03 10:51:20","system","2018-05-03 10:51:20"
"2769","643","100043","North Lakhimpur","Y","system","2018-05-03 10:50:45","system","2018-05-03 10:50:45"
"2768","639","100043","Hilsa Nalanda","Y","system","2018-05-03 10:48:32","system","2018-05-03 10:48:32"
"2767","336","100043","Chatra","Y","system","2018-05-03 10:41:05","system","2018-05-03 10:41:05"
"2766","641","100043","Sangola","Y","system","2018-05-03 10:38:29","system","2018-05-03 10:38:29"
"2765","585","100043","Sircilla","Y","system","2018-04-30 16:03:55","system","2018-04-30 16:03:55"
"2743","648","100043","Nellore","Y","system","2018-04-16 12:43:45","system","2018-04-16 12:43:45"
"2618","332","100043","Saket","Y","system","2018-02-05 12:31:57","system","2018-02-05 12:31:57"
"2507","657","100043","Ramdurg","Y","system","2018-01-19 12:59:19","system","2018-01-19 12:59:19"
"2519","641","100043","Risod","Y","system","2018-01-19 13:14:27","system","2018-01-19 13:14:27"
"2520","639","100043","Saharsa","Y","system","2018-01-19 13:15:20","system","2018-01-19 13:15:20"
"2521","638","100043","Sitapur","Y","system","2018-01-20 09:46:52","system","2018-01-20 09:46:52"
"2522","650","100043","Kottayam","Y","system","2018-01-20 10:03:24","system","2018-01-20 10:03:24"
"2523","641","100043","Hingoli","Y","system","2018-01-20 10:13:03","system","2018-01-20 10:13:03"
"2524","642","100043","Jaisalmer","Y","system","2018-01-20 10:14:48","system","2018-01-20 10:14:48"
"2525","657","100043","Chitradurga","Y","system","2018-01-20 10:20:49","system","2018-01-20 10:20:49"
"2526","649","100043","Dhenkanal","Y","system","2018-01-20 10:22:08","system","2018-01-20 10:22:08"
"2527","649","100043","Bhadrak","Y","system","2018-01-20 10:23:16","system","2018-01-20 10:23:16"
"2518","641","100043","Tuljapur","Y","system","2018-01-19 13:13:37","system","2018-01-19 13:13:37"
"2517","657","100043","Shimoga","Y","system","2018-01-19 13:12:44","system","2018-01-19 13:12:44"
"2508","641","100043","Miraj","Y","system","2018-01-19 13:00:42","system","2018-01-19 13:00:42"
"2509","655","100043","Ootacamund (Ooty)","Y","system","2018-01-19 13:02:24","system","2018-01-19 13:02:24"
"2510","642","100043","Bundi","Y","system","2018-01-19 13:04:15","system","2018-01-19 13:04:15"
"2511","645","100043","Baloudabajar","Y","system","2018-01-19 13:06:44","system","2018-01-19 13:06:44"
"2512","657","100043","Honavar","Y","system","2018-01-19 13:07:47","system","2018-01-19 13:07:47"
"2513","657","100043","Vijayapur","Y","system","2018-01-19 13:08:54","system","2018-01-19 13:08:54"
"2514","642","100043","Ramganjmandi","Y","system","2018-01-19 13:09:47","system","2018-01-19 13:09:47"
"2515","345","100043","Islampur","Y","system","2018-01-19 13:10:50","system","2018-01-19 13:10:50"
"2516","585","100043","Mahbubnagar","Y","system","2018-01-19 13:11:34","system","2018-01-19 13:11:34"
"2528","789","100043","Kalinte","Y","system","2018-01-22 10:07:36","system","2018-01-22 10:07:36"
"2529","345","100043","Sonarpur","Y","system","2018-01-22 10:08:42","system","2018-01-22 10:08:42"
"2545","585","100043","Nirmal","Y","system","2018-01-24 10:53:30","system","2018-01-24 10:53:30"
"2547","649","100043","Balasore","Y","system","2018-01-25 10:05:32","system","2018-01-25 10:05:32"
"2548","641","100043","Boisar","Y","system","2018-01-25 10:10:17","system","2018-01-25 10:10:17"
"2549","638","100043","Khalilabad","Y","system","2018-01-25 10:12:06","system","2018-01-25 10:12:06"
"2550","648","100043","Narsipatnam","Y","system","2018-01-25 10:13:15","system","2018-01-25 10:13:15"
"2551","640","100043","Jhabua","Y","system","2018-01-25 10:15:32","system","2018-01-25 10:15:32"
"2555","332","100043","Delhi Kasganj","Y","system","2018-01-27 09:56:31","system","2018-01-27 09:56:31"
"2556","655","100043","Velacheri","Y","system","2018-01-27 10:37:37","system","2018-01-27 10:37:37"
"2557","638","100043","Kushinagar","Y","system","2018-01-27 10:38:46","system","2018-01-27 10:38:46"
"2544","643","100043","Tinsukia","Y","system","2018-01-24 10:52:56","system","2018-01-24 10:52:56"
"2543","639","100043","Belsand","Y","system","2018-01-24 10:52:06","system","2018-01-24 10:52:06"
"2530","639","100043","Bettiah","Y","system","2018-01-22 10:09:24","system","2018-01-22 10:09:24"
"2531","642","100043","Beawar","Y","system","2018-01-22 10:11:09","system","2018-01-22 10:11:09"
"2532","585","100043","Warangal","Y","system","2018-01-22 10:12:39","system","2018-01-22 10:12:39"
"2533","641","100043","Navi Mumbai","Y","system","2018-01-22 10:13:46","system","2018-01-22 10:13:46"
"2534","650","100043","Muvattupuzha","Y","system","2018-01-22 10:14:24","system","2018-01-22 10:14:24"
"2486","638","100043","Bijnor","Y","system","2018-01-15 11:25:55","system","2018-01-15 11:25:55"
"2540","652","100043","Chamba","Y","system","2018-01-24 10:49:27","system","2018-01-24 10:49:27"
"2541","643","100043","Dhemaji","Y","system","2018-01-24 10:50:45","system","2018-01-24 10:50:45"
"2542","655","100043","Thanjavur","Y","system","2018-01-24 10:51:30","system","2018-01-24 10:51:30"
"2558","641","100043","Kudal, Sindhudurg","Y","system","2018-01-27 10:39:27","system","2018-01-27 10:39:27"
"2461","638","100043","Aligarh","Y","system","2018-01-05 11:14:04","system","2018-01-05 11:14:04"
"2473","647","100043","Tehri Garhwal","Y","system","2018-01-13 11:18:24","system","2018-01-13 11:18:24"
"2474","638","100043","Lalitpur","Y","system","2018-01-13 11:19:11","system","2018-01-13 11:19:11"
"2475","345","100043","Bankura","Y","system","2018-01-13 11:20:23","system","2018-01-13 11:20:23"
"2476","642","100043","Ramganj Mandi","Y","system","2018-01-13 11:21:47","system","2018-01-13 11:21:47"
"2477","645","100043","lormi","Y","system","2018-01-15 10:18:58","system","2018-01-15 10:18:58"
"2478","649","100043","Bhanjanagar","Y","system","2018-01-15 10:19:57","system","2018-01-15 10:19:57"
"2479","636","100043","Halol","Y","system","2018-01-15 10:21:35","system","2018-01-15 10:21:35"
"2480","639","100043","Mahnar, vaishali","Y","system","2018-01-15 10:24:36","system","2018-01-15 10:24:36"
"2481","657","100043","bidar","Y","system","2018-01-15 10:25:19","system","2018-01-15 10:25:19"
"2472","641","100043","Brahmapuri","Y","system","2018-01-12 12:23:42","system","2018-01-12 12:23:42"
"2471","640","100043","Beohari","Y","system","2018-01-12 12:12:44","system","2018-01-12 12:12:44"
"2462","646","100043","Hodal","Y","system","2018-01-05 11:20:50","system","2018-01-05 11:20:50"
"2463","332","100043","Delhi NCR","Y","system","2018-01-08 12:24:02","system","2018-01-08 12:24:02"
"2464","391","100043","Andhra Pradesh","Y","system","2018-01-08 12:31:47","system","2018-01-08 12:31:47"
"2465","785","100043","Noida","Y","system","2018-01-08 12:49:11","system","2018-01-08 12:49:11"
"2466","652","100043","Solan","Y","system","2018-01-08 13:19:46","system","2018-01-08 13:19:46"
"2467","641","100043","Ambajogai","Y","system","2018-01-08 13:24:01","system","2018-01-08 13:24:01"
"2468","653","100043","Pulwama","Y","system","2018-01-12 11:50:48","system","2018-01-12 11:50:48"
"2469","642","100043","Gangapur","Y","system","2018-01-12 12:00:39","system","2018-01-12 12:00:39"
"2470","637","100043","Mansa","Y","system","2018-01-12 12:05:26","system","2018-01-12 12:05:26"
"2482","638","100043","Greater Noida","Y","system","2018-01-15 10:26:47","system","2018-01-15 10:26:47"
"2483","650","100043","Nilambur","Y","system","2018-01-15 11:13:01","system","2018-01-15 11:13:01"
"2497","636","100043","Vapi","Y","system","2018-01-17 15:04:30","system","2018-01-17 15:04:30"
"2498","345","100043","Maldah","Y","system","2018-01-17 15:41:36","system","2018-01-17 15:41:36"
"2499","345","100043","Dewanhat","Y","system","2018-01-17 15:42:15","system","2018-01-17 15:42:15"
"2500","345","100043","Berhampore","Y","system","2018-01-17 15:43:06","system","2018-01-17 15:43:06"
"2501","650","100043","Thrissur","Y","system","2018-01-18 10:09:28","system","2018-01-18 10:09:28"
"2502","642","100043","Chaksu","Y","system","2018-01-18 10:10:12","system","2018-01-18 10:10:12"
"2503","658","100043","Shivsagar","Y","system","2018-01-18 10:11:39","system","2018-01-18 10:11:39"
